Date,Team,Team_Key,R,HR,RBI,SB,AVG,OPS,K,ERA,WHIP,KBB,QS,SVH,1B,1BA,2B,2BA,3B,3BA,A,AB,APP,BB,BB/9,BBA,BLK,BSV,CG,CI,CS,CYC,DPT,E,ER,FPCT,GIDP,GIDPA,GP,GP2,GS,H,H/9,HA,HBP,HBPA,HLD,HRA,IBB,IBBA,IP,IRA,K/9,K/BB,L,LEAGUE,NH,NSB,NSV,NSVH,NW,OBP,OBPA,OFA,OUT,PA,PC,PG,PICK,PO,RA,RAPP,RL,RW,SB%,SBA,SF,SH,SHO,SLAM,SLG,SO,SV,SV%,SVOP,TB,TBA,TBF,TEAM,W,WIN%,WP,XBH
2025-03-18,Afternoon Wood,458.l.9833.t.6,2.0,0.0,0.0,0.0,0.4,1.0,0.0,,,,0.0,0.0,1.0,0.0,1.0,0.0,0.0,0.0,0.0,5.0,0.0,0.0,0.0,0.0,0.0,0.0,0.0,0.0,0.0,0.0,0.0,0.0,0.0,0.0,0.0,0.0,1.0,1.0,1.0,2.0,0.0,0.0,0.0,0.0,0.0,0.0,0.0,0.0,0.0,0.0,0.0,0.0,0.0,0.0,0.0,0.0,0.0,0.0,0.0,0.4,0.0,0.0,0.0,5.0,0.0,0.0,0.0,0.0,0.0,0.0,0.0,0.0,0.0,0.0,0.0,0.0,0.0,0.0,0.6,1.0,0.0,0.0,0.0,3.0,0.0,0.0,0.0,0.0,0.0,0.0,1.0
2025-03-18,Agustin and Everything After,458.l.9833.t.1,1.0,0.0,0.0,0.0,0.0,0.5,0.0,,,,0.0,0.0,0.0,0.0,0.0,0.0,0.0,0.0,0.0,2.0,0.0,2.0,0.0,0.0,0.0,0.0,0.0,0.0,0.0,0.0,0.0,0.0,0.0,1.0,0.0,0.0,1.0,1.0,1.0,0.0,0.0,0.0,0.0,0.0,0.0,0.0,0.0,0.0,0.0,0.0,0.0,0.0,0.0,0.0,0.0,0.0,0.0,0.0,0.0,0.5,0.0,0.0,0.0,4.0,0.0,0.0,0.0,3.0,0.0,0.0,0.0,0.0,0.0,0.0,0.0,0.0,0.0,0.0,0.0,2.0,0.0,0.0,0.0,0.0,0.0,0.0,0.0,0.0,0.0,0.0,0.0
2025-03-18,Chicken Brain,458.l.9833.t.10,1.0,0.0,1.0,0.0,0.1666666666666666,0.5,2.0,0.0,0.0,,0.0,1.0,2.0,0.0,0.0,0.0,0.0,0.0,0.0,12.0,1.0,3.0,0.0,0.0,0.0,0.0,0.0,0.0,0.0,0.0,0.0,0.0,0.0,2.0,0.0,0.0,6.0,4.0,4.0,2.0,0.0,0.0,0.0,1.0,1.0,0.0,0.0,0.0,1.0,0.0,18.0,inf,0.0,0.0,0.0,0.0,0.0,1.0,0.0,0.3333333333333333,0.25,0.0,3.0,15.0,16.0,0.0,0.0,11.0,0.0,1.0,0.0,0.0,0.0,1.0,0.0,0.0,0.0,0.0,0.1666666666666666,3.0,0.0,0.0,0.0,2.0,0.0,4.0,0.0,0.0,0.0,0.0,0.0
2025-03-18,InterNeto Explorer,458.l.9833.t.4,0.0,0.0,1.0,0.0,0.125,0.25,0.0,,,,0.0,0.0,1.0,0.0,0.0,0.0,0.0,0.0,4.0,8.0,0.0,0.0,0.0,0.0,0.0,0.0,0.0,0.0,0.0,0.0,0.0,0.0,0.0,2.0,0.0,0.0,2.0,2.0,2.0,1.0,0.0,0.0,0.0,0.0,0.0,0.0,0.0,0.0,0.0,0.0,0.0,0.0,0.0,0.0,0.0,0.0,0.0,0.0,0.0,0.125,0.0,0.0,0.0,8.0,0.0,0.0,0.0,12.0,0.0,0.0,0.0,0.0,0.0,0.0,0.0,0.0,0.0,0.0,0.125,0.0,0.0,0.0,0.0,1.0,0.0,0.0,0.0,0.0,0.0,0.0,0.0
2025-03-18,Jax Mannequin,458.l.9833.t.2,0.0,0.0,0.0,0.0,,,0.0,,,,0.0,0.0,0.0,0.0,0.0,0.0,0.0,0.0,0.0,0.0,0.0,0.0,0.0,0.0,0.0,0.0,0.0,0.0,0.0,0.0,0.0,0.0,0.0,0.0,0.0,0.0,0.0,0.0,0.0,0.0,0.0,0.0,0.0,0.0,0.0,0.0,0.0,0.0,0.0,0.0,0.0,0.0,0.0,0.0,0.0,0.0,0.0,0.0,0.0,,0.0,0.0,0.0,0.0,0.0,0.0,0.0,0.0,0.0,0.0,0.0,0.0,0.0,0.0,0.0,0.0,0.0,0.0,,0.0,0.0,0.0,0.0,0.0,0.0,0.0,0.0,0.0,0.0,0.0,0.0
2025-03-18,Rapist Witt,458.l.9833.t.3,0.0,0.0,0.0,0.0,0.0,0.4,5.0,1.5,0.6666666666666666,5.0,0.0,1.0,0.0,2.0,0.0,1.0,0.0,0.0,1.0,3.0,2.0,2.0,1.8,1.0,0.0,0.0,0.0,0.0,0.0,0.0,0.0,0.0,1.0,1.0,0.0,0.0,3.0,1.0,2.0,0.0,5.4,3.0,0.0,0.0,0.0,0.0,0.0,0.0,6.0,0.0,16.2,inf,0.0,0.0,0.0,0.0,1.0,1.0,1.0,0.4,0.211,0.0,18.0,5.0,82.0,0.0,0.0,1.0,1.0,1.0,0.0,0.0,0.0,0.0,0.0,0.0,0.0,0.0,0.0,2.0,1.0,1.0,1.0,0.0,4.0,22.0,0.0,1.0,1.0,0.0,0.0
2025-03-18,Revisiting the Good Kikuchi,458.l.9833.t.8,0.0,0.0,0.0,0.0,,,0.0,,,,0.0,0.0,0.0,0.0,0.0,0.0,0.0,0.0,0.0,0.0,0.0,0.0,0.0,0.0,0.0,0.0,0.0,0.0,0.0,0.0,0.0,0.0,0.0,0.0,0.0,0.0,0.0,0.0,0.0,0.0,0.0,0.0,0.0,0.0,0.0,0.0,0.0,0.0,0.0,0.0,0.0,0.0,0.0,0.0,0.0,0.0,0.0,0.0,0.0,,0.0,0.0,0.0,0.0,0.0,0.0,0.0,0.0,0.0,0.0,0.0,0.0,0.0,0.0,0.0,0.0,0.0,0.0,,0.0,0.0,0.0,0.0,0.0,0.0,0.0,0.0,0.0,0.0,0.0,0.0
2025-03-18,TP for my Jung Ho,458.l.9833.t.5,0.0,0.0,0.0,0.0,,,0.0,,,,0.0,0.0,0.0,0.0,0.0,0.0,0.0,0.0,0.0,0.0,0.0,0.0,0.0,0.0,0.0,0.0,0.0,0.0,0.0,0.0,0.0,0.0,0.0,0.0,0.0,0.0,0.0,0.0,0.0,0.0,0.0,0.0,0.0,0.0,0.0,0.0,0.0,0.0,0.0,0.0,0.0,0.0,0.0,0.0,0.0,0.0,0.0,0.0,0.0,,0.0,0.0,0.0,0.0,0.0,0.0,0.0,0.0,0.0,0.0,0.0,0.0,0.0,0.0,0.0,0.0,0.0,0.0,,0.0,0.0,0.0,0.0,0.0,0.0,0.0,0.0,0.0,0.0,0.0,0.0
2025-03-18,Unenthusiastic Handjobs,458.l.9833.t.7,0.0,0.0,0.0,0.0,0.0,0.0,2.0,0.0,1.0,0.5,0.0,0.0,0.0,0.0,0.0,0.0,0.0,0.0,0.0,4.0,1.0,0.0,9.0,4.0,0.0,0.0,0.0,0.0,0.0,0.0,0.0,0.0,0.0,0.0,0.0,0.0,2.0,1.0,2.0,0.0,0.0,0.0,0.0,0.0,0.0,0.0,0.0,0.0,4.0,0.0,4.5,0.5,0.0,0.0,0.0,0.0,0.0,0.0,0.0,0.0,0.25,0.0,12.0,4.0,69.0,0.0,0.0,0.0,0.0,0.0,0.0,0.0,0.0,0.0,0.0,0.0,0.0,0.0,0.0,0.0,0.0,0.0,0.0,0.0,0.0,16.0,0.0,0.0,0.0,0.0,0.0
2025-03-18,Woo Tang Clan,458.l.9833.t.9,1.0,0.0,1.0,0.0,0.2857142857142857,0.7301587301587301,0.0,,,,0.0,0.0,2.0,0.0,0.0,0.0,0.0,0.0,0.0,7.0,0.0,2.0,0.0,0.0,0.0,0.0,0.0,0.0,0.0,0.0,0.0,0.0,0.0,2.0,0.0,0.0,2.0,2.0,2.0,2.0,0.0,0.0,0.0,0.0,0.0,0.0,0.0,0.0,0.0,0.0,0.0,0.0,0.0,0.0,0.0,0.0,0.0,0.0,0.0,0.4444444444444444,0.0,0.0,0.0,9.0,0.0,0.0,0.0,3.0,0.0,0.0,0.0,0.0,0.0,0.0,0.0,0.0,0.0,0.0,0.2857142857142857,3.0,0.0,0.0,0.0,2.0,0.0,0.0,0.0,0.0,0.0,0.0,0.0
2025-03-19,Afternoon Wood,458.l.9833.t.6,1.0,1.0,1.0,0.0,0.3333333333333333,1.933333333333333,0.0,,,,0.0,0.0,0.0,0.0,0.0,0.0,0.0,0.0,0.0,3.0,0.0,2.0,0.0,0.0,0.0,0.0,0.0,0.0,0.0,0.0,0.0,0.0,0.0,0.0,0.0,0.0,1.0,1.0,1.0,1.0,0.0,0.0,0.0,0.0,0.0,0.0,1.0,0.0,0.0,0.0,0.0,0.0,0.0,0.0,0.0,0.0,0.0,0.0,0.0,0.6,0.0,0.0,0.0,5.0,0.0,0.0,0.0,0.0,0.0,0.0,0.0,0.0,0.0,0.0,0.0,0.0,0.0,0.0,1.3333333333333333,0.0,0.0,0.0,0.0,4.0,0.0,0.0,0.0,0.0,0.0,0.0,1.0
2025-03-19,Agustin and Everything After,458.l.9833.t.1,0.0,0.0,0.0,0.0,0.3333333333333333,1.1666666666666663,0.0,,,,0.0,0.0,0.0,0.0,1.0,0.0,0.0,0.0,0.0,3.0,0.0,1.0,0.0,0.0,0.0,0.0,0.0,0.0,0.0,0.0,0.0,0.0,0.0,1.0,0.0,0.0,1.0,1.0,1.0,1.0,0.0,0.0,0.0,0.0,0.0,0.0,0.0,0.0,0.0,0.0,0.0,0.0,0.0,0.0,0.0,0.0,0.0,0.0,0.0,0.5,0.0,0.0,0.0,4.0,0.0,0.0,0.0,3.0,0.0,0.0,0.0,0.0,0.0,0.0,0.0,0.0,0.0,0.0,0.6666666666666666,2.0,0.0,0.0,0.0,2.0,0.0,0.0,0.0,0.0,0.0,0.0,1.0
2025-03-19,Chicken Brain,458.l.9833.t.10,2.0,0.0,1.0,0.0,0.1538461538461538,0.660633484162896,0.0,,,,0.0,0.0,0.0,0.0,2.0,0.0,0.0,0.0,4.0,13.0,0.0,4.0,0.0,0.0,0.0,0.0,0.0,0.0,0.0,0.0,3.0,0.0,0.0,3.0,0.0,0.0,5.0,4.0,4.0,2.0,0.0,0.0,0.0,0.0,0.0,0.0,0.0,0.0,0.0,0.0,0.0,0.0,0.0,0.0,0.0,0.0,0.0,0.0,0.0,0.3529411764705882,0.0,0.0,0.0,17.0,0.0,0.0,0.0,17.0,0.0,0.0,0.0,0.0,0.0,0.0,0.0,0.0,0.0,0.0,0.3076923076923077,6.0,0.0,0.0,0.0,4.0,0.0,0.0,0.0,0.0,0.0,0.0,2.0
2025-03-19,InterNeto Explorer,458.l.9833.t.4,1.0,1.0,1.0,1.0,0.1818181818181818,0.7622377622377623,0.0,,,,0.0,0.0,1.0,0.0,0.0,0.0,0.0,0.0,0.0,11.0,0.0,2.0,0.0,0.0,0.0,0.0,0.0,0.0,0.0,0.0,3.0,0.0,0.0,3.0,1.0,0.0,3.0,3.0,3.0,2.0,0.0,0.0,0.0,0.0,0.0,0.0,0.0,0.0,0.0,0.0,0.0,0.0,0.0,0.0,0.0,1.0,0.0,0.0,0.0,0.3076923076923077,0.0,0.0,0.0,13.0,0.0,0.0,0.0,13.0,0.0,0.0,0.0,0.0,1.0,0.0,0.0,0.0,0.0,0.0,0.4545454545454545,6.0,0.0,0.0,0.0,5.0,0.0,0.0,0.0,0.0,0.0,0.0,1.0
2025-03-19,Jax Mannequin,458.l.9833.t.2,0.0,0.0,0.0,0.0,,,5.0,11.25,1.5,5.0,0.0,0.0,0.0,1.0,0.0,2.0,0.0,0.0,0.0,0.0,1.0,0.0,2.25,1.0,0.0,0.0,0.0,0.0,0.0,0.0,0.0,0.0,5.0,0.0,0.0,1.0,1.0,0.0,1.0,0.0,11.25,5.0,0.0,0.0,0.0,2.0,0.0,0.0,4.0,0.0,11.25,5.0,1.0,0.0,0.0,0.0,0.0,0.0,-1.0,,0.353,0.0,12.0,0.0,67.0,0.0,0.0,0.0,5.0,0.0,0.0,0.0,0.0,0.0,0.0,0.0,0.0,0.0,,0.0,0.0,0.0,0.0,0.0,13.0,17.0,0.0,0.0,0.0,0.0,0.0
2025-03-19,Rapist Witt,458.l.9833.t.3,1.0,0.0,0.0,0.0,0.25,0.75,0.0,,,,0.0,0.0,0.0,0.0,1.0,0.0,0.0,0.0,1.0,4.0,0.0,0.0,0.0,0.0,0.0,0.0,0.0,0.0,0.0,0.0,0.0,0.0,0.0,1.0,0.0,0.0,1.0,1.0,1.0,1.0,0.0,0.0,0.0,0.0,0.0,0.0,0.0,0.0,0.0,0.0,0.0,0.0,0.0,0.0,0.0,0.0,0.0,0.0,0.0,0.25,0.0,0.0,0.0,4.0,0.0,0.0,0.0,0.0,0.0,0.0,0.0,0.0,0.0,0.0,0.0,0.0,0.0,0.0,0.5,1.0,0.0,0.0,0.0,2.0,0.0,0.0,0.0,0.0,0.0,0.0,1.0
2025-03-19,Revisiting the Good Kikuchi,458.l.9833.t.8,0.0,0.0,0.0,0.0,,,0.0,,,,0.0,0.0,0.0,0.0,0.0,0.0,0.0,0.0,0.0,0.0,0.0,0.0,0.0,0.0,0.0,0.0,0.0,0.0,0.0,0.0,0.0,0.0,0.0,0.0,0.0,0.0,0.0,0.0,0.0,0.0,0.0,0.0,0.0,0.0,0.0,0.0,0.0,0.0,0.0,0.0,0.0,0.0,0.0,0.0,0.0,0.0,0.0,0.0,0.0,,0.0,0.0,0.0,0.0,0.0,0.0,0.0,0.0,0.0,0.0,0.0,0.0,0.0,0.0,0.0,0.0,0.0,0.0,,0.0,0.0,0.0,0.0,0.0,0.0,0.0,0.0,0.0,0.0,0.0,0.0
2025-03-19,TP for my Jung Ho,458.l.9833.t.5,0.0,0.0,0.0,0.0,,,2.0,0.0,1.0,,0.0,1.0,0.0,1.0,0.0,0.0,0.0,0.0,0.0,0.0,1.0,0.0,0.0,0.0,0.0,0.0,0.0,0.0,0.0,0.0,0.0,0.0,0.0,0.0,0.0,0.0,1.0,0.0,0.0,0.0,9.0,1.0,0.0,0.0,1.0,0.0,0.0,0.0,1.0,0.0,18.0,inf,0.0,0.0,0.0,0.0,0.0,1.0,0.0,,0.25,0.0,3.0,0.0,21.0,0.0,0.0,0.0,0.0,1.0,0.0,0.0,0.0,0.0,0.0,0.0,0.0,0.0,,0.0,0.0,0.0,0.0,0.0,1.0,4.0,0.0,0.0,0.0,0.0,0.0
2025-03-19,Unenthusiastic Handjobs,458.l.9833.t.7,0.0,0.0,1.0,0.0,0.25,0.9,3.0,3.0,2.0,0.6,0.0,0.0,0.0,1.0,1.0,0.0,0.0,0.0,0.0,4.0,1.0,1.0,15.0,5.0,0.0,0.0,0.0,0.0,0.0,0.0,0.0,0.0,1.0,0.0,0.0,0.0,2.0,1.0,2.0,1.0,3.0,1.0,0.0,0.0,0.0,0.0,0.0,0.0,3.0,0.0,9.0,0.6,0.0,0.0,0.0,0.0,0.0,0.0,0.0,0.4,0.429,0.0,9.0,5.0,56.0,0.0,0.0,0.0,1.0,0.0,0.0,0.0,0.0,2.0,0.0,0.0,0.0,0.0,0.5,0.0,0.0,0.0,0.0,2.0,1.0,14.0,0.0,0.0,0.0,0.0,1.0
2025-03-19,Woo Tang Clan,458.l.9833.t.9,0.0,0.0,1.0,0.0,0.125,0.3472222222222222,0.0,0.0,3.0,0.0,0.0,0.0,1.0,0.0,0.0,0.0,0.0,0.0,0.0,8.0,1.0,1.0,27.0,3.0,0.0,0.0,0.0,0.0,0.0,0.0,0.0,0.0,0.0,2.0,0.0,1.0,3.0,2.0,2.0,1.0,0.0,0.0,0.0,0.0,0.0,0.0,0.0,0.0,1.0,0.0,0.0,0.0,0.0,0.0,0.0,0.0,0.0,0.0,0.0,0.2222222222222222,0.6,0.0,3.0,9.0,16.0,0.0,0.0,3.0,0.0,1.0,0.0,0.0,0.0,0.0,0.0,0.0,0.0,0.0,0.125,2.0,0.0,0.0,0.0,1.0,0.0,5.0,0.0,0.0,0.0,0.0,0.0
2025-03-20,Afternoon Wood,458.l.9833.t.6,0.0,0.0,0.0,0.0,,,0.0,,,,0.0,0.0,0.0,0.0,0.0,0.0,0.0,0.0,0.0,0.0,0.0,0.0,0.0,0.0,0.0,0.0,0.0,0.0,0.0,0.0,0.0,0.0,0.0,0.0,0.0,0.0,0.0,0.0,0.0,0.0,0.0,0.0,0.0,0.0,0.0,0.0,0.0,0.0,0.0,0.0,0.0,0.0,0.0,0.0,0.0,0.0,0.0,0.0,0.0,,0.0,0.0,0.0,0.0,0.0,0.0,0.0,0.0,0.0,0.0,0.0,0.0,0.0,0.0,0.0,0.0,0.0,0.0,,0.0,0.0,0.0,0.0,0.0,0.0,0.0,0.0,0.0,0.0,0.0,0.0
2025-03-20,Agustin and Everything After,458.l.9833.t.1,0.0,0.0,0.0,0.0,,,0.0,,,,0.0,0.0,0.0,0.0,0.0,0.0,0.0,0.0,0.0,0.0,0.0,0.0,0.0,0.0,0.0,0.0,0.0,0.0,0.0,0.0,0.0,0.0,0.0,0.0,0.0,0.0,0.0,0.0,0.0,0.0,0.0,0.0,0.0,0.0,0.0,0.0,0.0,0.0,0.0,0.0,0.0,0.0,0.0,0.0,0.0,0.0,0.0,0.0,0.0,,0.0,0.0,0.0,0.0,0.0,0.0,0.0,0.0,0.0,0.0,0.0,0.0,0.0,0.0,0.0,0.0,0.0,0.0,,0.0,0.0,0.0,0.0,0.0,0.0,0.0,0.0,0.0,0.0,0.0,0.0
2025-03-20,Chicken Brain,458.l.9833.t.10,0.0,0.0,0.0,0.0,,,0.0,,,,0.0,0.0,0.0,0.0,0.0,0.0,0.0,0.0,0.0,0.0,0.0,0.0,0.0,0.0,0.0,0.0,0.0,0.0,0.0,0.0,0.0,0.0,0.0,0.0,0.0,0.0,0.0,0.0,0.0,0.0,0.0,0.0,0.0,0.0,0.0,0.0,0.0,0.0,0.0,0.0,0.0,0.0,0.0,0.0,0.0,0.0,0.0,0.0,0.0,,0.0,0.0,0.0,0.0,0.0,0.0,0.0,0.0,0.0,0.0,0.0,0.0,0.0,0.0,0.0,0.0,0.0,0.0,,0.0,0.0,0.0,0.0,0.0,0.0,0.0,0.0,0.0,0.0,0.0,0.0
2025-03-20,InterNeto Explorer,458.l.9833.t.4,0.0,0.0,0.0,0.0,,,0.0,,,,0.0,0.0,0.0,0.0,0.0,0.0,0.0,0.0,0.0,0.0,0.0,0.0,0.0,0.0,0.0,0.0,0.0,0.0,0.0,0.0,0.0,0.0,0.0,0.0,0.0,0.0,0.0,0.0,0.0,0.0,0.0,0.0,0.0,0.0,0.0,0.0,0.0,0.0,0.0,0.0,0.0,0.0,0.0,0.0,0.0,0.0,0.0,0.0,0.0,,0.0,0.0,0.0,0.0,0.0,0.0,0.0,0.0,0.0,0.0,0.0,0.0,0.0,0.0,0.0,0.0,0.0,0.0,,0.0,0.0,0.0,0.0,0.0,0.0,0.0,0.0,0.0,0.0,0.0,0.0
2025-03-20,Jax Mannequin,458.l.9833.t.2,0.0,0.0,0.0,0.0,,,0.0,,,,0.0,0.0,0.0,0.0,0.0,0.0,0.0,0.0,0.0,0.0,0.0,0.0,0.0,0.0,0.0,0.0,0.0,0.0,0.0,0.0,0.0,0.0,0.0,0.0,0.0,0.0,0.0,0.0,0.0,0.0,0.0,0.0,0.0,0.0,0.0,0.0,0.0,0.0,0.0,0.0,0.0,0.0,0.0,0.0,0.0,0.0,0.0,0.0,0.0,,0.0,0.0,0.0,0.0,0.0,0.0,0.0,0.0,0.0,0.0,0.0,0.0,0.0,0.0,0.0,0.0,0.0,0.0,,0.0,0.0,0.0,0.0,0.0,0.0,0.0,0.0,0.0,0.0,0.0,0.0
2025-03-20,Rapist Witt,458.l.9833.t.3,0.0,0.0,0.0,0.0,,,0.0,,,,0.0,0.0,0.0,0.0,0.0,0.0,0.0,0.0,0.0,0.0,0.0,0.0,0.0,0.0,0.0,0.0,0.0,0.0,0.0,0.0,0.0,0.0,0.0,0.0,0.0,0.0,0.0,0.0,0.0,0.0,0.0,0.0,0.0,0.0,0.0,0.0,0.0,0.0,0.0,0.0,0.0,0.0,0.0,0.0,0.0,0.0,0.0,0.0,0.0,,0.0,0.0,0.0,0.0,0.0,0.0,0.0,0.0,0.0,0.0,0.0,0.0,0.0,0.0,0.0,0.0,0.0,0.0,,0.0,0.0,0.0,0.0,0.0,0.0,0.0,0.0,0.0,0.0,0.0,0.0
2025-03-20,Revisiting the Good Kikuchi,458.l.9833.t.8,0.0,0.0,0.0,0.0,,,0.0,,,,0.0,0.0,0.0,0.0,0.0,0.0,0.0,0.0,0.0,0.0,0.0,0.0,0.0,0.0,0.0,0.0,0.0,0.0,0.0,0.0,0.0,0.0,0.0,0.0,0.0,0.0,0.0,0.0,0.0,0.0,0.0,0.0,0.0,0.0,0.0,0.0,0.0,0.0,0.0,0.0,0.0,0.0,0.0,0.0,0.0,0.0,0.0,0.0,0.0,,0.0,0.0,0.0,0.0,0.0,0.0,0.0,0.0,0.0,0.0,0.0,0.0,0.0,0.0,0.0,0.0,0.0,0.0,,0.0,0.0,0.0,0.0,0.0,0.0,0.0,0.0,0.0,0.0,0.0,0.0
2025-03-20,TP for my Jung Ho,458.l.9833.t.5,0.0,0.0,0.0,0.0,,,0.0,,,,0.0,0.0,0.0,0.0,0.0,0.0,0.0,0.0,0.0,0.0,0.0,0.0,0.0,0.0,0.0,0.0,0.0,0.0,0.0,0.0,0.0,0.0,0.0,0.0,0.0,0.0,0.0,0.0,0.0,0.0,0.0,0.0,0.0,0.0,0.0,0.0,0.0,0.0,0.0,0.0,0.0,0.0,0.0,0.0,0.0,0.0,0.0,0.0,0.0,,0.0,0.0,0.0,0.0,0.0,0.0,0.0,0.0,0.0,0.0,0.0,0.0,0.0,0.0,0.0,0.0,0.0,0.0,,0.0,0.0,0.0,0.0,0.0,0.0,0.0,0.0,0.0,0.0,0.0,0.0
2025-03-20,Unenthusiastic Handjobs,458.l.9833.t.7,0.0,0.0,0.0,0.0,,,0.0,,,,0.0,0.0,0.0,0.0,0.0,0.0,0.0,0.0,0.0,0.0,0.0,0.0,0.0,0.0,0.0,0.0,0.0,0.0,0.0,0.0,0.0,0.0,0.0,0.0,0.0,0.0,0.0,0.0,0.0,0.0,0.0,0.0,0.0,0.0,0.0,0.0,0.0,0.0,0.0,0.0,0.0,0.0,0.0,0.0,0.0,0.0,0.0,0.0,0.0,,0.0,0.0,0.0,0.0,0.0,0.0,0.0,0.0,0.0,0.0,0.0,0.0,0.0,0.0,0.0,0.0,0.0,0.0,,0.0,0.0,0.0,0.0,0.0,0.0,0.0,0.0,0.0,0.0,0.0,0.0
2025-03-20,Woo Tang Clan,458.l.9833.t.9,0.0,0.0,0.0,0.0,,,0.0,,,,0.0,0.0,0.0,0.0,0.0,0.0,0.0,0.0,0.0,0.0,0.0,0.0,0.0,0.0,0.0,0.0,0.0,0.0,0.0,0.0,0.0,0.0,0.0,0.0,0.0,0.0,0.0,0.0,0.0,0.0,0.0,0.0,0.0,0.0,0.0,0.0,0.0,0.0,0.0,0.0,0.0,0.0,0.0,0.0,0.0,0.0,0.0,0.0,0.0,,0.0,0.0,0.0,0.0,0.0,0.0,0.0,0.0,0.0,0.0,0.0,0.0,0.0,0.0,0.0,0.0,0.0,0.0,,0.0,0.0,0.0,0.0,0.0,0.0,0.0,0.0,0.0,0.0,0.0,0.0
2025-03-21,Afternoon Wood,458.l.9833.t.6,0.0,0.0,0.0,0.0,,,0.0,,,,0.0,0.0,0.0,0.0,0.0,0.0,0.0,0.0,0.0,0.0,0.0,0.0,0.0,0.0,0.0,0.0,0.0,0.0,0.0,0.0,0.0,0.0,0.0,0.0,0.0,0.0,0.0,0.0,0.0,0.0,0.0,0.0,0.0,0.0,0.0,0.0,0.0,0.0,0.0,0.0,0.0,0.0,0.0,0.0,0.0,0.0,0.0,0.0,0.0,,0.0,0.0,0.0,0.0,0.0,0.0,0.0,0.0,0.0,0.0,0.0,0.0,0.0,0.0,0.0,0.0,0.0,0.0,,0.0,0.0,0.0,0.0,0.0,0.0,0.0,0.0,0.0,0.0,0.0,0.0
2025-03-21,Agustin and Everything After,458.l.9833.t.1,0.0,0.0,0.0,0.0,,,0.0,,,,0.0,0.0,0.0,0.0,0.0,0.0,0.0,0.0,0.0,0.0,0.0,0.0,0.0,0.0,0.0,0.0,0.0,0.0,0.0,0.0,0.0,0.0,0.0,0.0,0.0,0.0,0.0,0.0,0.0,0.0,0.0,0.0,0.0,0.0,0.0,0.0,0.0,0.0,0.0,0.0,0.0,0.0,0.0,0.0,0.0,0.0,0.0,0.0,0.0,,0.0,0.0,0.0,0.0,0.0,0.0,0.0,0.0,0.0,0.0,0.0,0.0,0.0,0.0,0.0,0.0,0.0,0.0,,0.0,0.0,0.0,0.0,0.0,0.0,0.0,0.0,0.0,0.0,0.0,0.0
2025-03-21,Chicken Brain,458.l.9833.t.10,0.0,0.0,0.0,0.0,,,0.0,,,,0.0,0.0,0.0,0.0,0.0,0.0,0.0,0.0,0.0,0.0,0.0,0.0,0.0,0.0,0.0,0.0,0.0,0.0,0.0,0.0,0.0,0.0,0.0,0.0,0.0,0.0,0.0,0.0,0.0,0.0,0.0,0.0,0.0,0.0,0.0,0.0,0.0,0.0,0.0,0.0,0.0,0.0,0.0,0.0,0.0,0.0,0.0,0.0,0.0,,0.0,0.0,0.0,0.0,0.0,0.0,0.0,0.0,0.0,0.0,0.0,0.0,0.0,0.0,0.0,0.0,0.0,0.0,,0.0,0.0,0.0,0.0,0.0,0.0,0.0,0.0,0.0,0.0,0.0,0.0
2025-03-21,InterNeto Explorer,458.l.9833.t.4,0.0,0.0,0.0,0.0,,,0.0,,,,0.0,0.0,0.0,0.0,0.0,0.0,0.0,0.0,0.0,0.0,0.0,0.0,0.0,0.0,0.0,0.0,0.0,0.0,0.0,0.0,0.0,0.0,0.0,0.0,0.0,0.0,0.0,0.0,0.0,0.0,0.0,0.0,0.0,0.0,0.0,0.0,0.0,0.0,0.0,0.0,0.0,0.0,0.0,0.0,0.0,0.0,0.0,0.0,0.0,,0.0,0.0,0.0,0.0,0.0,0.0,0.0,0.0,0.0,0.0,0.0,0.0,0.0,0.0,0.0,0.0,0.0,0.0,,0.0,0.0,0.0,0.0,0.0,0.0,0.0,0.0,0.0,0.0,0.0,0.0
2025-03-21,Jax Mannequin,458.l.9833.t.2,0.0,0.0,0.0,0.0,,,0.0,,,,0.0,0.0,0.0,0.0,0.0,0.0,0.0,0.0,0.0,0.0,0.0,0.0,0.0,0.0,0.0,0.0,0.0,0.0,0.0,0.0,0.0,0.0,0.0,0.0,0.0,0.0,0.0,0.0,0.0,0.0,0.0,0.0,0.0,0.0,0.0,0.0,0.0,0.0,0.0,0.0,0.0,0.0,0.0,0.0,0.0,0.0,0.0,0.0,0.0,,0.0,0.0,0.0,0.0,0.0,0.0,0.0,0.0,0.0,0.0,0.0,0.0,0.0,0.0,0.0,0.0,0.0,0.0,,0.0,0.0,0.0,0.0,0.0,0.0,0.0,0.0,0.0,0.0,0.0,0.0
2025-03-21,Rapist Witt,458.l.9833.t.3,0.0,0.0,0.0,0.0,,,0.0,,,,0.0,0.0,0.0,0.0,0.0,0.0,0.0,0.0,0.0,0.0,0.0,0.0,0.0,0.0,0.0,0.0,0.0,0.0,0.0,0.0,0.0,0.0,0.0,0.0,0.0,0.0,0.0,0.0,0.0,0.0,0.0,0.0,0.0,0.0,0.0,0.0,0.0,0.0,0.0,0.0,0.0,0.0,0.0,0.0,0.0,0.0,0.0,0.0,0.0,,0.0,0.0,0.0,0.0,0.0,0.0,0.0,0.0,0.0,0.0,0.0,0.0,0.0,0.0,0.0,0.0,0.0,0.0,,0.0,0.0,0.0,0.0,0.0,0.0,0.0,0.0,0.0,0.0,0.0,0.0
2025-03-21,Revisiting the Good Kikuchi,458.l.9833.t.8,0.0,0.0,0.0,0.0,,,0.0,,,,0.0,0.0,0.0,0.0,0.0,0.0,0.0,0.0,0.0,0.0,0.0,0.0,0.0,0.0,0.0,0.0,0.0,0.0,0.0,0.0,0.0,0.0,0.0,0.0,0.0,0.0,0.0,0.0,0.0,0.0,0.0,0.0,0.0,0.0,0.0,0.0,0.0,0.0,0.0,0.0,0.0,0.0,0.0,0.0,0.0,0.0,0.0,0.0,0.0,,0.0,0.0,0.0,0.0,0.0,0.0,0.0,0.0,0.0,0.0,0.0,0.0,0.0,0.0,0.0,0.0,0.0,0.0,,0.0,0.0,0.0,0.0,0.0,0.0,0.0,0.0,0.0,0.0,0.0,0.0
2025-03-21,TP for my Jung Ho,458.l.9833.t.5,0.0,0.0,0.0,0.0,,,0.0,,,,0.0,0.0,0.0,0.0,0.0,0.0,0.0,0.0,0.0,0.0,0.0,0.0,0.0,0.0,0.0,0.0,0.0,0.0,0.0,0.0,0.0,0.0,0.0,0.0,0.0,0.0,0.0,0.0,0.0,0.0,0.0,0.0,0.0,0.0,0.0,0.0,0.0,0.0,0.0,0.0,0.0,0.0,0.0,0.0,0.0,0.0,0.0,0.0,0.0,,0.0,0.0,0.0,0.0,0.0,0.0,0.0,0.0,0.0,0.0,0.0,0.0,0.0,0.0,0.0,0.0,0.0,0.0,,0.0,0.0,0.0,0.0,0.0,0.0,0.0,0.0,0.0,0.0,0.0,0.0
2025-03-21,Unenthusiastic Handjobs,458.l.9833.t.7,0.0,0.0,0.0,0.0,,,0.0,,,,0.0,0.0,0.0,0.0,0.0,0.0,0.0,0.0,0.0,0.0,0.0,0.0,0.0,0.0,0.0,0.0,0.0,0.0,0.0,0.0,0.0,0.0,0.0,0.0,0.0,0.0,0.0,0.0,0.0,0.0,0.0,0.0,0.0,0.0,0.0,0.0,0.0,0.0,0.0,0.0,0.0,0.0,0.0,0.0,0.0,0.0,0.0,0.0,0.0,,0.0,0.0,0.0,0.0,0.0,0.0,0.0,0.0,0.0,0.0,0.0,0.0,0.0,0.0,0.0,0.0,0.0,0.0,,0.0,0.0,0.0,0.0,0.0,0.0,0.0,0.0,0.0,0.0,0.0,0.0
2025-03-21,Woo Tang Clan,458.l.9833.t.9,0.0,0.0,0.0,0.0,,,0.0,,,,0.0,0.0,0.0,0.0,0.0,0.0,0.0,0.0,0.0,0.0,0.0,0.0,0.0,0.0,0.0,0.0,0.0,0.0,0.0,0.0,0.0,0.0,0.0,0.0,0.0,0.0,0.0,0.0,0.0,0.0,0.0,0.0,0.0,0.0,0.0,0.0,0.0,0.0,0.0,0.0,0.0,0.0,0.0,0.0,0.0,0.0,0.0,0.0,0.0,,0.0,0.0,0.0,0.0,0.0,0.0,0.0,0.0,0.0,0.0,0.0,0.0,0.0,0.0,0.0,0.0,0.0,0.0,,0.0,0.0,0.0,0.0,0.0,0.0,0.0,0.0,0.0,0.0,0.0,0.0
2025-03-22,Afternoon Wood,458.l.9833.t.6,0.0,0.0,0.0,0.0,,,0.0,,,,0.0,0.0,0.0,0.0,0.0,0.0,0.0,0.0,0.0,0.0,0.0,0.0,0.0,0.0,0.0,0.0,0.0,0.0,0.0,0.0,0.0,0.0,0.0,0.0,0.0,0.0,0.0,0.0,0.0,0.0,0.0,0.0,0.0,0.0,0.0,0.0,0.0,0.0,0.0,0.0,0.0,0.0,0.0,0.0,0.0,0.0,0.0,0.0,0.0,,0.0,0.0,0.0,0.0,0.0,0.0,0.0,0.0,0.0,0.0,0.0,0.0,0.0,0.0,0.0,0.0,0.0,0.0,,0.0,0.0,0.0,0.0,0.0,0.0,0.0,0.0,0.0,0.0,0.0,0.0
2025-03-22,Agustin and Everything After,458.l.9833.t.1,0.0,0.0,0.0,0.0,,,0.0,,,,0.0,0.0,0.0,0.0,0.0,0.0,0.0,0.0,0.0,0.0,0.0,0.0,0.0,0.0,0.0,0.0,0.0,0.0,0.0,0.0,0.0,0.0,0.0,0.0,0.0,0.0,0.0,0.0,0.0,0.0,0.0,0.0,0.0,0.0,0.0,0.0,0.0,0.0,0.0,0.0,0.0,0.0,0.0,0.0,0.0,0.0,0.0,0.0,0.0,,0.0,0.0,0.0,0.0,0.0,0.0,0.0,0.0,0.0,0.0,0.0,0.0,0.0,0.0,0.0,0.0,0.0,0.0,,0.0,0.0,0.0,0.0,0.0,0.0,0.0,0.0,0.0,0.0,0.0,0.0
2025-03-22,Chicken Brain,458.l.9833.t.10,0.0,0.0,0.0,0.0,,,0.0,,,,0.0,0.0,0.0,0.0,0.0,0.0,0.0,0.0,0.0,0.0,0.0,0.0,0.0,0.0,0.0,0.0,0.0,0.0,0.0,0.0,0.0,0.0,0.0,0.0,0.0,0.0,0.0,0.0,0.0,0.0,0.0,0.0,0.0,0.0,0.0,0.0,0.0,0.0,0.0,0.0,0.0,0.0,0.0,0.0,0.0,0.0,0.0,0.0,0.0,,0.0,0.0,0.0,0.0,0.0,0.0,0.0,0.0,0.0,0.0,0.0,0.0,0.0,0.0,0.0,0.0,0.0,0.0,,0.0,0.0,0.0,0.0,0.0,0.0,0.0,0.0,0.0,0.0,0.0,0.0
2025-03-22,InterNeto Explorer,458.l.9833.t.4,0.0,0.0,0.0,0.0,,,0.0,,,,0.0,0.0,0.0,0.0,0.0,0.0,0.0,0.0,0.0,0.0,0.0,0.0,0.0,0.0,0.0,0.0,0.0,0.0,0.0,0.0,0.0,0.0,0.0,0.0,0.0,0.0,0.0,0.0,0.0,0.0,0.0,0.0,0.0,0.0,0.0,0.0,0.0,0.0,0.0,0.0,0.0,0.0,0.0,0.0,0.0,0.0,0.0,0.0,0.0,,0.0,0.0,0.0,0.0,0.0,0.0,0.0,0.0,0.0,0.0,0.0,0.0,0.0,0.0,0.0,0.0,0.0,0.0,,0.0,0.0,0.0,0.0,0.0,0.0,0.0,0.0,0.0,0.0,0.0,0.0
2025-03-22,Jax Mannequin,458.l.9833.t.2,0.0,0.0,0.0,0.0,,,0.0,,,,0.0,0.0,0.0,0.0,0.0,0.0,0.0,0.0,0.0,0.0,0.0,0.0,0.0,0.0,0.0,0.0,0.0,0.0,0.0,0.0,0.0,0.0,0.0,0.0,0.0,0.0,0.0,0.0,0.0,0.0,0.0,0.0,0.0,0.0,0.0,0.0,0.0,0.0,0.0,0.0,0.0,0.0,0.0,0.0,0.0,0.0,0.0,0.0,0.0,,0.0,0.0,0.0,0.0,0.0,0.0,0.0,0.0,0.0,0.0,0.0,0.0,0.0,0.0,0.0,0.0,0.0,0.0,,0.0,0.0,0.0,0.0,0.0,0.0,0.0,0.0,0.0,0.0,0.0,0.0
2025-03-22,Rapist Witt,458.l.9833.t.3,0.0,0.0,0.0,0.0,,,0.0,,,,0.0,0.0,0.0,0.0,0.0,0.0,0.0,0.0,0.0,0.0,0.0,0.0,0.0,0.0,0.0,0.0,0.0,0.0,0.0,0.0,0.0,0.0,0.0,0.0,0.0,0.0,0.0,0.0,0.0,0.0,0.0,0.0,0.0,0.0,0.0,0.0,0.0,0.0,0.0,0.0,0.0,0.0,0.0,0.0,0.0,0.0,0.0,0.0,0.0,,0.0,0.0,0.0,0.0,0.0,0.0,0.0,0.0,0.0,0.0,0.0,0.0,0.0,0.0,0.0,0.0,0.0,0.0,,0.0,0.0,0.0,0.0,0.0,0.0,0.0,0.0,0.0,0.0,0.0,0.0
2025-03-22,Revisiting the Good Kikuchi,458.l.9833.t.8,0.0,0.0,0.0,0.0,,,0.0,,,,0.0,0.0,0.0,0.0,0.0,0.0,0.0,0.0,0.0,0.0,0.0,0.0,0.0,0.0,0.0,0.0,0.0,0.0,0.0,0.0,0.0,0.0,0.0,0.0,0.0,0.0,0.0,0.0,0.0,0.0,0.0,0.0,0.0,0.0,0.0,0.0,0.0,0.0,0.0,0.0,0.0,0.0,0.0,0.0,0.0,0.0,0.0,0.0,0.0,,0.0,0.0,0.0,0.0,0.0,0.0,0.0,0.0,0.0,0.0,0.0,0.0,0.0,0.0,0.0,0.0,0.0,0.0,,0.0,0.0,0.0,0.0,0.0,0.0,0.0,0.0,0.0,0.0,0.0,0.0
2025-03-22,TP for my Jung Ho,458.l.9833.t.5,0.0,0.0,0.0,0.0,,,0.0,,,,0.0,0.0,0.0,0.0,0.0,0.0,0.0,0.0,0.0,0.0,0.0,0.0,0.0,0.0,0.0,0.0,0.0,0.0,0.0,0.0,0.0,0.0,0.0,0.0,0.0,0.0,0.0,0.0,0.0,0.0,0.0,0.0,0.0,0.0,0.0,0.0,0.0,0.0,0.0,0.0,0.0,0.0,0.0,0.0,0.0,0.0,0.0,0.0,0.0,,0.0,0.0,0.0,0.0,0.0,0.0,0.0,0.0,0.0,0.0,0.0,0.0,0.0,0.0,0.0,0.0,0.0,0.0,,0.0,0.0,0.0,0.0,0.0,0.0,0.0,0.0,0.0,0.0,0.0,0.0
2025-03-22,Unenthusiastic Handjobs,458.l.9833.t.7,0.0,0.0,0.0,0.0,,,0.0,,,,0.0,0.0,0.0,0.0,0.0,0.0,0.0,0.0,0.0,0.0,0.0,0.0,0.0,0.0,0.0,0.0,0.0,0.0,0.0,0.0,0.0,0.0,0.0,0.0,0.0,0.0,0.0,0.0,0.0,0.0,0.0,0.0,0.0,0.0,0.0,0.0,0.0,0.0,0.0,0.0,0.0,0.0,0.0,0.0,0.0,0.0,0.0,0.0,0.0,,0.0,0.0,0.0,0.0,0.0,0.0,0.0,0.0,0.0,0.0,0.0,0.0,0.0,0.0,0.0,0.0,0.0,0.0,,0.0,0.0,0.0,0.0,0.0,0.0,0.0,0.0,0.0,0.0,0.0,0.0
2025-03-22,Woo Tang Clan,458.l.9833.t.9,0.0,0.0,0.0,0.0,,,0.0,,,,0.0,0.0,0.0,0.0,0.0,0.0,0.0,0.0,0.0,0.0,0.0,0.0,0.0,0.0,0.0,0.0,0.0,0.0,0.0,0.0,0.0,0.0,0.0,0.0,0.0,0.0,0.0,0.0,0.0,0.0,0.0,0.0,0.0,0.0,0.0,0.0,0.0,0.0,0.0,0.0,0.0,0.0,0.0,0.0,0.0,0.0,0.0,0.0,0.0,,0.0,0.0,0.0,0.0,0.0,0.0,0.0,0.0,0.0,0.0,0.0,0.0,0.0,0.0,0.0,0.0,0.0,0.0,,0.0,0.0,0.0,0.0,0.0,0.0,0.0,0.0,0.0,0.0,0.0,0.0
2025-03-23,Afternoon Wood,458.l.9833.t.6,0.0,0.0,0.0,0.0,,,0.0,,,,0.0,0.0,0.0,0.0,0.0,0.0,0.0,0.0,0.0,0.0,0.0,0.0,0.0,0.0,0.0,0.0,0.0,0.0,0.0,0.0,0.0,0.0,0.0,0.0,0.0,0.0,0.0,0.0,0.0,0.0,0.0,0.0,0.0,0.0,0.0,0.0,0.0,0.0,0.0,0.0,0.0,0.0,0.0,0.0,0.0,0.0,0.0,0.0,0.0,,0.0,0.0,0.0,0.0,0.0,0.0,0.0,0.0,0.0,0.0,0.0,0.0,0.0,0.0,0.0,0.0,0.0,0.0,,0.0,0.0,0.0,0.0,0.0,0.0,0.0,0.0,0.0,0.0,0.0,0.0
2025-03-23,Agustin and Everything After,458.l.9833.t.1,0.0,0.0,0.0,0.0,,,0.0,,,,0.0,0.0,0.0,0.0,0.0,0.0,0.0,0.0,0.0,0.0,0.0,0.0,0.0,0.0,0.0,0.0,0.0,0.0,0.0,0.0,0.0,0.0,0.0,0.0,0.0,0.0,0.0,0.0,0.0,0.0,0.0,0.0,0.0,0.0,0.0,0.0,0.0,0.0,0.0,0.0,0.0,0.0,0.0,0.0,0.0,0.0,0.0,0.0,0.0,,0.0,0.0,0.0,0.0,0.0,0.0,0.0,0.0,0.0,0.0,0.0,0.0,0.0,0.0,0.0,0.0,0.0,0.0,,0.0,0.0,0.0,0.0,0.0,0.0,0.0,0.0,0.0,0.0,0.0,0.0
2025-03-23,Chicken Brain,458.l.9833.t.10,0.0,0.0,0.0,0.0,,,0.0,,,,0.0,0.0,0.0,0.0,0.0,0.0,0.0,0.0,0.0,0.0,0.0,0.0,0.0,0.0,0.0,0.0,0.0,0.0,0.0,0.0,0.0,0.0,0.0,0.0,0.0,0.0,0.0,0.0,0.0,0.0,0.0,0.0,0.0,0.0,0.0,0.0,0.0,0.0,0.0,0.0,0.0,0.0,0.0,0.0,0.0,0.0,0.0,0.0,0.0,,0.0,0.0,0.0,0.0,0.0,0.0,0.0,0.0,0.0,0.0,0.0,0.0,0.0,0.0,0.0,0.0,0.0,0.0,,0.0,0.0,0.0,0.0,0.0,0.0,0.0,0.0,0.0,0.0,0.0,0.0
2025-03-23,InterNeto Explorer,458.l.9833.t.4,0.0,0.0,0.0,0.0,,,0.0,,,,0.0,0.0,0.0,0.0,0.0,0.0,0.0,0.0,0.0,0.0,0.0,0.0,0.0,0.0,0.0,0.0,0.0,0.0,0.0,0.0,0.0,0.0,0.0,0.0,0.0,0.0,0.0,0.0,0.0,0.0,0.0,0.0,0.0,0.0,0.0,0.0,0.0,0.0,0.0,0.0,0.0,0.0,0.0,0.0,0.0,0.0,0.0,0.0,0.0,,0.0,0.0,0.0,0.0,0.0,0.0,0.0,0.0,0.0,0.0,0.0,0.0,0.0,0.0,0.0,0.0,0.0,0.0,,0.0,0.0,0.0,0.0,0.0,0.0,0.0,0.0,0.0,0.0,0.0,0.0
2025-03-23,Jax Mannequin,458.l.9833.t.2,0.0,0.0,0.0,0.0,,,0.0,,,,0.0,0.0,0.0,0.0,0.0,0.0,0.0,0.0,0.0,0.0,0.0,0.0,0.0,0.0,0.0,0.0,0.0,0.0,0.0,0.0,0.0,0.0,0.0,0.0,0.0,0.0,0.0,0.0,0.0,0.0,0.0,0.0,0.0,0.0,0.0,0.0,0.0,0.0,0.0,0.0,0.0,0.0,0.0,0.0,0.0,0.0,0.0,0.0,0.0,,0.0,0.0,0.0,0.0,0.0,0.0,0.0,0.0,0.0,0.0,0.0,0.0,0.0,0.0,0.0,0.0,0.0,0.0,,0.0,0.0,0.0,0.0,0.0,0.0,0.0,0.0,0.0,0.0,0.0,0.0
2025-03-23,Rapist Witt,458.l.9833.t.3,0.0,0.0,0.0,0.0,,,0.0,,,,0.0,0.0,0.0,0.0,0.0,0.0,0.0,0.0,0.0,0.0,0.0,0.0,0.0,0.0,0.0,0.0,0.0,0.0,0.0,0.0,0.0,0.0,0.0,0.0,0.0,0.0,0.0,0.0,0.0,0.0,0.0,0.0,0.0,0.0,0.0,0.0,0.0,0.0,0.0,0.0,0.0,0.0,0.0,0.0,0.0,0.0,0.0,0.0,0.0,,0.0,0.0,0.0,0.0,0.0,0.0,0.0,0.0,0.0,0.0,0.0,0.0,0.0,0.0,0.0,0.0,0.0,0.0,,0.0,0.0,0.0,0.0,0.0,0.0,0.0,0.0,0.0,0.0,0.0,0.0
2025-03-23,Revisiting the Good Kikuchi,458.l.9833.t.8,0.0,0.0,0.0,0.0,,,0.0,,,,0.0,0.0,0.0,0.0,0.0,0.0,0.0,0.0,0.0,0.0,0.0,0.0,0.0,0.0,0.0,0.0,0.0,0.0,0.0,0.0,0.0,0.0,0.0,0.0,0.0,0.0,0.0,0.0,0.0,0.0,0.0,0.0,0.0,0.0,0.0,0.0,0.0,0.0,0.0,0.0,0.0,0.0,0.0,0.0,0.0,0.0,0.0,0.0,0.0,,0.0,0.0,0.0,0.0,0.0,0.0,0.0,0.0,0.0,0.0,0.0,0.0,0.0,0.0,0.0,0.0,0.0,0.0,,0.0,0.0,0.0,0.0,0.0,0.0,0.0,0.0,0.0,0.0,0.0,0.0
2025-03-23,TP for my Jung Ho,458.l.9833.t.5,0.0,0.0,0.0,0.0,,,0.0,,,,0.0,0.0,0.0,0.0,0.0,0.0,0.0,0.0,0.0,0.0,0.0,0.0,0.0,0.0,0.0,0.0,0.0,0.0,0.0,0.0,0.0,0.0,0.0,0.0,0.0,0.0,0.0,0.0,0.0,0.0,0.0,0.0,0.0,0.0,0.0,0.0,0.0,0.0,0.0,0.0,0.0,0.0,0.0,0.0,0.0,0.0,0.0,0.0,0.0,,0.0,0.0,0.0,0.0,0.0,0.0,0.0,0.0,0.0,0.0,0.0,0.0,0.0,0.0,0.0,0.0,0.0,0.0,,0.0,0.0,0.0,0.0,0.0,0.0,0.0,0.0,0.0,0.0,0.0,0.0
2025-03-23,Unenthusiastic Handjobs,458.l.9833.t.7,0.0,0.0,0.0,0.0,,,0.0,,,,0.0,0.0,0.0,0.0,0.0,0.0,0.0,0.0,0.0,0.0,0.0,0.0,0.0,0.0,0.0,0.0,0.0,0.0,0.0,0.0,0.0,0.0,0.0,0.0,0.0,0.0,0.0,0.0,0.0,0.0,0.0,0.0,0.0,0.0,0.0,0.0,0.0,0.0,0.0,0.0,0.0,0.0,0.0,0.0,0.0,0.0,0.0,0.0,0.0,,0.0,0.0,0.0,0.0,0.0,0.0,0.0,0.0,0.0,0.0,0.0,0.0,0.0,0.0,0.0,0.0,0.0,0.0,,0.0,0.0,0.0,0.0,0.0,0.0,0.0,0.0,0.0,0.0,0.0,0.0
2025-03-23,Woo Tang Clan,458.l.9833.t.9,0.0,0.0,0.0,0.0,,,0.0,,,,0.0,0.0,0.0,0.0,0.0,0.0,0.0,0.0,0.0,0.0,0.0,0.0,0.0,0.0,0.0,0.0,0.0,0.0,0.0,0.0,0.0,0.0,0.0,0.0,0.0,0.0,0.0,0.0,0.0,0.0,0.0,0.0,0.0,0.0,0.0,0.0,0.0,0.0,0.0,0.0,0.0,0.0,0.0,0.0,0.0,0.0,0.0,0.0,0.0,,0.0,0.0,0.0,0.0,0.0,0.0,0.0,0.0,0.0,0.0,0.0,0.0,0.0,0.0,0.0,0.0,0.0,0.0,,0.0,0.0,0.0,0.0,0.0,0.0,0.0,0.0,0.0,0.0,0.0,0.0
2025-03-24,Afternoon Wood,458.l.9833.t.6,0.0,0.0,0.0,0.0,,,0.0,,,,0.0,0.0,0.0,0.0,0.0,0.0,0.0,0.0,0.0,0.0,0.0,0.0,0.0,0.0,0.0,0.0,0.0,0.0,0.0,0.0,0.0,0.0,0.0,0.0,0.0,0.0,0.0,0.0,0.0,0.0,0.0,0.0,0.0,0.0,0.0,0.0,0.0,0.0,0.0,0.0,0.0,0.0,0.0,0.0,0.0,0.0,0.0,0.0,0.0,,0.0,0.0,0.0,0.0,0.0,0.0,0.0,0.0,0.0,0.0,0.0,0.0,0.0,0.0,0.0,0.0,0.0,0.0,,0.0,0.0,0.0,0.0,0.0,0.0,0.0,0.0,0.0,0.0,0.0,0.0
2025-03-24,Agustin and Everything After,458.l.9833.t.1,0.0,0.0,0.0,0.0,,,0.0,,,,0.0,0.0,0.0,0.0,0.0,0.0,0.0,0.0,0.0,0.0,0.0,0.0,0.0,0.0,0.0,0.0,0.0,0.0,0.0,0.0,0.0,0.0,0.0,0.0,0.0,0.0,0.0,0.0,0.0,0.0,0.0,0.0,0.0,0.0,0.0,0.0,0.0,0.0,0.0,0.0,0.0,0.0,0.0,0.0,0.0,0.0,0.0,0.0,0.0,,0.0,0.0,0.0,0.0,0.0,0.0,0.0,0.0,0.0,0.0,0.0,0.0,0.0,0.0,0.0,0.0,0.0,0.0,,0.0,0.0,0.0,0.0,0.0,0.0,0.0,0.0,0.0,0.0,0.0,0.0
2025-03-24,Chicken Brain,458.l.9833.t.10,0.0,0.0,0.0,0.0,,,0.0,,,,0.0,0.0,0.0,0.0,0.0,0.0,0.0,0.0,0.0,0.0,0.0,0.0,0.0,0.0,0.0,0.0,0.0,0.0,0.0,0.0,0.0,0.0,0.0,0.0,0.0,0.0,0.0,0.0,0.0,0.0,0.0,0.0,0.0,0.0,0.0,0.0,0.0,0.0,0.0,0.0,0.0,0.0,0.0,0.0,0.0,0.0,0.0,0.0,0.0,,0.0,0.0,0.0,0.0,0.0,0.0,0.0,0.0,0.0,0.0,0.0,0.0,0.0,0.0,0.0,0.0,0.0,0.0,,0.0,0.0,0.0,0.0,0.0,0.0,0.0,0.0,0.0,0.0,0.0,0.0
2025-03-24,InterNeto Explorer,458.l.9833.t.4,0.0,0.0,0.0,0.0,,,0.0,,,,0.0,0.0,0.0,0.0,0.0,0.0,0.0,0.0,0.0,0.0,0.0,0.0,0.0,0.0,0.0,0.0,0.0,0.0,0.0,0.0,0.0,0.0,0.0,0.0,0.0,0.0,0.0,0.0,0.0,0.0,0.0,0.0,0.0,0.0,0.0,0.0,0.0,0.0,0.0,0.0,0.0,0.0,0.0,0.0,0.0,0.0,0.0,0.0,0.0,,0.0,0.0,0.0,0.0,0.0,0.0,0.0,0.0,0.0,0.0,0.0,0.0,0.0,0.0,0.0,0.0,0.0,0.0,,0.0,0.0,0.0,0.0,0.0,0.0,0.0,0.0,0.0,0.0,0.0,0.0
2025-03-24,Jax Mannequin,458.l.9833.t.2,0.0,0.0,0.0,0.0,,,0.0,,,,0.0,0.0,0.0,0.0,0.0,0.0,0.0,0.0,0.0,0.0,0.0,0.0,0.0,0.0,0.0,0.0,0.0,0.0,0.0,0.0,0.0,0.0,0.0,0.0,0.0,0.0,0.0,0.0,0.0,0.0,0.0,0.0,0.0,0.0,0.0,0.0,0.0,0.0,0.0,0.0,0.0,0.0,0.0,0.0,0.0,0.0,0.0,0.0,0.0,,0.0,0.0,0.0,0.0,0.0,0.0,0.0,0.0,0.0,0.0,0.0,0.0,0.0,0.0,0.0,0.0,0.0,0.0,,0.0,0.0,0.0,0.0,0.0,0.0,0.0,0.0,0.0,0.0,0.0,0.0
2025-03-24,Rapist Witt,458.l.9833.t.3,0.0,0.0,0.0,0.0,,,0.0,,,,0.0,0.0,0.0,0.0,0.0,0.0,0.0,0.0,0.0,0.0,0.0,0.0,0.0,0.0,0.0,0.0,0.0,0.0,0.0,0.0,0.0,0.0,0.0,0.0,0.0,0.0,0.0,0.0,0.0,0.0,0.0,0.0,0.0,0.0,0.0,0.0,0.0,0.0,0.0,0.0,0.0,0.0,0.0,0.0,0.0,0.0,0.0,0.0,0.0,,0.0,0.0,0.0,0.0,0.0,0.0,0.0,0.0,0.0,0.0,0.0,0.0,0.0,0.0,0.0,0.0,0.0,0.0,,0.0,0.0,0.0,0.0,0.0,0.0,0.0,0.0,0.0,0.0,0.0,0.0
2025-03-24,Revisiting the Good Kikuchi,458.l.9833.t.8,0.0,0.0,0.0,0.0,,,0.0,,,,0.0,0.0,0.0,0.0,0.0,0.0,0.0,0.0,0.0,0.0,0.0,0.0,0.0,0.0,0.0,0.0,0.0,0.0,0.0,0.0,0.0,0.0,0.0,0.0,0.0,0.0,0.0,0.0,0.0,0.0,0.0,0.0,0.0,0.0,0.0,0.0,0.0,0.0,0.0,0.0,0.0,0.0,0.0,0.0,0.0,0.0,0.0,0.0,0.0,,0.0,0.0,0.0,0.0,0.0,0.0,0.0,0.0,0.0,0.0,0.0,0.0,0.0,0.0,0.0,0.0,0.0,0.0,,0.0,0.0,0.0,0.0,0.0,0.0,0.0,0.0,0.0,0.0,0.0,0.0
2025-03-24,TP for my Jung Ho,458.l.9833.t.5,0.0,0.0,0.0,0.0,,,0.0,,,,0.0,0.0,0.0,0.0,0.0,0.0,0.0,0.0,0.0,0.0,0.0,0.0,0.0,0.0,0.0,0.0,0.0,0.0,0.0,0.0,0.0,0.0,0.0,0.0,0.0,0.0,0.0,0.0,0.0,0.0,0.0,0.0,0.0,0.0,0.0,0.0,0.0,0.0,0.0,0.0,0.0,0.0,0.0,0.0,0.0,0.0,0.0,0.0,0.0,,0.0,0.0,0.0,0.0,0.0,0.0,0.0,0.0,0.0,0.0,0.0,0.0,0.0,0.0,0.0,0.0,0.0,0.0,,0.0,0.0,0.0,0.0,0.0,0.0,0.0,0.0,0.0,0.0,0.0,0.0
2025-03-24,Unenthusiastic Handjobs,458.l.9833.t.7,0.0,0.0,0.0,0.0,,,0.0,,,,0.0,0.0,0.0,0.0,0.0,0.0,0.0,0.0,0.0,0.0,0.0,0.0,0.0,0.0,0.0,0.0,0.0,0.0,0.0,0.0,0.0,0.0,0.0,0.0,0.0,0.0,0.0,0.0,0.0,0.0,0.0,0.0,0.0,0.0,0.0,0.0,0.0,0.0,0.0,0.0,0.0,0.0,0.0,0.0,0.0,0.0,0.0,0.0,0.0,,0.0,0.0,0.0,0.0,0.0,0.0,0.0,0.0,0.0,0.0,0.0,0.0,0.0,0.0,0.0,0.0,0.0,0.0,,0.0,0.0,0.0,0.0,0.0,0.0,0.0,0.0,0.0,0.0,0.0,0.0
2025-03-24,Woo Tang Clan,458.l.9833.t.9,0.0,0.0,0.0,0.0,,,0.0,,,,0.0,0.0,0.0,0.0,0.0,0.0,0.0,0.0,0.0,0.0,0.0,0.0,0.0,0.0,0.0,0.0,0.0,0.0,0.0,0.0,0.0,0.0,0.0,0.0,0.0,0.0,0.0,0.0,0.0,0.0,0.0,0.0,0.0,0.0,0.0,0.0,0.0,0.0,0.0,0.0,0.0,0.0,0.0,0.0,0.0,0.0,0.0,0.0,0.0,,0.0,0.0,0.0,0.0,0.0,0.0,0.0,0.0,0.0,0.0,0.0,0.0,0.0,0.0,0.0,0.0,0.0,0.0,,0.0,0.0,0.0,0.0,0.0,0.0,0.0,0.0,0.0,0.0,0.0,0.0
2025-03-25,Afternoon Wood,458.l.9833.t.6,0.0,0.0,0.0,0.0,,,0.0,,,,0.0,0.0,0.0,0.0,0.0,0.0,0.0,0.0,0.0,0.0,0.0,0.0,0.0,0.0,0.0,0.0,0.0,0.0,0.0,0.0,0.0,0.0,0.0,0.0,0.0,0.0,0.0,0.0,0.0,0.0,0.0,0.0,0.0,0.0,0.0,0.0,0.0,0.0,0.0,0.0,0.0,0.0,0.0,0.0,0.0,0.0,0.0,0.0,0.0,,0.0,0.0,0.0,0.0,0.0,0.0,0.0,0.0,0.0,0.0,0.0,0.0,0.0,0.0,0.0,0.0,0.0,0.0,,0.0,0.0,0.0,0.0,0.0,0.0,0.0,0.0,0.0,0.0,0.0,0.0
2025-03-25,Agustin and Everything After,458.l.9833.t.1,0.0,0.0,0.0,0.0,,,0.0,,,,0.0,0.0,0.0,0.0,0.0,0.0,0.0,0.0,0.0,0.0,0.0,0.0,0.0,0.0,0.0,0.0,0.0,0.0,0.0,0.0,0.0,0.0,0.0,0.0,0.0,0.0,0.0,0.0,0.0,0.0,0.0,0.0,0.0,0.0,0.0,0.0,0.0,0.0,0.0,0.0,0.0,0.0,0.0,0.0,0.0,0.0,0.0,0.0,0.0,,0.0,0.0,0.0,0.0,0.0,0.0,0.0,0.0,0.0,0.0,0.0,0.0,0.0,0.0,0.0,0.0,0.0,0.0,,0.0,0.0,0.0,0.0,0.0,0.0,0.0,0.0,0.0,0.0,0.0,0.0
2025-03-25,Chicken Brain,458.l.9833.t.10,0.0,0.0,0.0,0.0,,,0.0,,,,0.0,0.0,0.0,0.0,0.0,0.0,0.0,0.0,0.0,0.0,0.0,0.0,0.0,0.0,0.0,0.0,0.0,0.0,0.0,0.0,0.0,0.0,0.0,0.0,0.0,0.0,0.0,0.0,0.0,0.0,0.0,0.0,0.0,0.0,0.0,0.0,0.0,0.0,0.0,0.0,0.0,0.0,0.0,0.0,0.0,0.0,0.0,0.0,0.0,,0.0,0.0,0.0,0.0,0.0,0.0,0.0,0.0,0.0,0.0,0.0,0.0,0.0,0.0,0.0,0.0,0.0,0.0,,0.0,0.0,0.0,0.0,0.0,0.0,0.0,0.0,0.0,0.0,0.0,0.0
2025-03-25,InterNeto Explorer,458.l.9833.t.4,0.0,0.0,0.0,0.0,,,0.0,,,,0.0,0.0,0.0,0.0,0.0,0.0,0.0,0.0,0.0,0.0,0.0,0.0,0.0,0.0,0.0,0.0,0.0,0.0,0.0,0.0,0.0,0.0,0.0,0.0,0.0,0.0,0.0,0.0,0.0,0.0,0.0,0.0,0.0,0.0,0.0,0.0,0.0,0.0,0.0,0.0,0.0,0.0,0.0,0.0,0.0,0.0,0.0,0.0,0.0,,0.0,0.0,0.0,0.0,0.0,0.0,0.0,0.0,0.0,0.0,0.0,0.0,0.0,0.0,0.0,0.0,0.0,0.0,,0.0,0.0,0.0,0.0,0.0,0.0,0.0,0.0,0.0,0.0,0.0,0.0
2025-03-25,Jax Mannequin,458.l.9833.t.2,0.0,0.0,0.0,0.0,,,0.0,,,,0.0,0.0,0.0,0.0,0.0,0.0,0.0,0.0,0.0,0.0,0.0,0.0,0.0,0.0,0.0,0.0,0.0,0.0,0.0,0.0,0.0,0.0,0.0,0.0,0.0,0.0,0.0,0.0,0.0,0.0,0.0,0.0,0.0,0.0,0.0,0.0,0.0,0.0,0.0,0.0,0.0,0.0,0.0,0.0,0.0,0.0,0.0,0.0,0.0,,0.0,0.0,0.0,0.0,0.0,0.0,0.0,0.0,0.0,0.0,0.0,0.0,0.0,0.0,0.0,0.0,0.0,0.0,,0.0,0.0,0.0,0.0,0.0,0.0,0.0,0.0,0.0,0.0,0.0,0.0
2025-03-25,Rapist Witt,458.l.9833.t.3,0.0,0.0,0.0,0.0,,,0.0,,,,0.0,0.0,0.0,0.0,0.0,0.0,0.0,0.0,0.0,0.0,0.0,0.0,0.0,0.0,0.0,0.0,0.0,0.0,0.0,0.0,0.0,0.0,0.0,0.0,0.0,0.0,0.0,0.0,0.0,0.0,0.0,0.0,0.0,0.0,0.0,0.0,0.0,0.0,0.0,0.0,0.0,0.0,0.0,0.0,0.0,0.0,0.0,0.0,0.0,,0.0,0.0,0.0,0.0,0.0,0.0,0.0,0.0,0.0,0.0,0.0,0.0,0.0,0.0,0.0,0.0,0.0,0.0,,0.0,0.0,0.0,0.0,0.0,0.0,0.0,0.0,0.0,0.0,0.0,0.0
2025-03-25,Revisiting the Good Kikuchi,458.l.9833.t.8,0.0,0.0,0.0,0.0,,,0.0,,,,0.0,0.0,0.0,0.0,0.0,0.0,0.0,0.0,0.0,0.0,0.0,0.0,0.0,0.0,0.0,0.0,0.0,0.0,0.0,0.0,0.0,0.0,0.0,0.0,0.0,0.0,0.0,0.0,0.0,0.0,0.0,0.0,0.0,0.0,0.0,0.0,0.0,0.0,0.0,0.0,0.0,0.0,0.0,0.0,0.0,0.0,0.0,0.0,0.0,,0.0,0.0,0.0,0.0,0.0,0.0,0.0,0.0,0.0,0.0,0.0,0.0,0.0,0.0,0.0,0.0,0.0,0.0,,0.0,0.0,0.0,0.0,0.0,0.0,0.0,0.0,0.0,0.0,0.0,0.0
2025-03-25,TP for my Jung Ho,458.l.9833.t.5,0.0,0.0,0.0,0.0,,,0.0,,,,0.0,0.0,0.0,0.0,0.0,0.0,0.0,0.0,0.0,0.0,0.0,0.0,0.0,0.0,0.0,0.0,0.0,0.0,0.0,0.0,0.0,0.0,0.0,0.0,0.0,0.0,0.0,0.0,0.0,0.0,0.0,0.0,0.0,0.0,0.0,0.0,0.0,0.0,0.0,0.0,0.0,0.0,0.0,0.0,0.0,0.0,0.0,0.0,0.0,,0.0,0.0,0.0,0.0,0.0,0.0,0.0,0.0,0.0,0.0,0.0,0.0,0.0,0.0,0.0,0.0,0.0,0.0,,0.0,0.0,0.0,0.0,0.0,0.0,0.0,0.0,0.0,0.0,0.0,0.0
2025-03-25,Unenthusiastic Handjobs,458.l.9833.t.7,0.0,0.0,0.0,0.0,,,0.0,,,,0.0,0.0,0.0,0.0,0.0,0.0,0.0,0.0,0.0,0.0,0.0,0.0,0.0,0.0,0.0,0.0,0.0,0.0,0.0,0.0,0.0,0.0,0.0,0.0,0.0,0.0,0.0,0.0,0.0,0.0,0.0,0.0,0.0,0.0,0.0,0.0,0.0,0.0,0.0,0.0,0.0,0.0,0.0,0.0,0.0,0.0,0.0,0.0,0.0,,0.0,0.0,0.0,0.0,0.0,0.0,0.0,0.0,0.0,0.0,0.0,0.0,0.0,0.0,0.0,0.0,0.0,0.0,,0.0,0.0,0.0,0.0,0.0,0.0,0.0,0.0,0.0,0.0,0.0,0.0
2025-03-25,Woo Tang Clan,458.l.9833.t.9,0.0,0.0,0.0,0.0,,,0.0,,,,0.0,0.0,0.0,0.0,0.0,0.0,0.0,0.0,0.0,0.0,0.0,0.0,0.0,0.0,0.0,0.0,0.0,0.0,0.0,0.0,0.0,0.0,0.0,0.0,0.0,0.0,0.0,0.0,0.0,0.0,0.0,0.0,0.0,0.0,0.0,0.0,0.0,0.0,0.0,0.0,0.0,0.0,0.0,0.0,0.0,0.0,0.0,0.0,0.0,,0.0,0.0,0.0,0.0,0.0,0.0,0.0,0.0,0.0,0.0,0.0,0.0,0.0,0.0,0.0,0.0,0.0,0.0,,0.0,0.0,0.0,0.0,0.0,0.0,0.0,0.0,0.0,0.0,0.0,0.0
2025-03-26,Afternoon Wood,458.l.9833.t.6,0.0,0.0,0.0,0.0,,,0.0,,,,0.0,0.0,0.0,0.0,0.0,0.0,0.0,0.0,0.0,0.0,0.0,0.0,0.0,0.0,0.0,0.0,0.0,0.0,0.0,0.0,0.0,0.0,0.0,0.0,0.0,0.0,0.0,0.0,0.0,0.0,0.0,0.0,0.0,0.0,0.0,0.0,0.0,0.0,0.0,0.0,0.0,0.0,0.0,0.0,0.0,0.0,0.0,0.0,0.0,,0.0,0.0,0.0,0.0,0.0,0.0,0.0,0.0,0.0,0.0,0.0,0.0,0.0,0.0,0.0,0.0,0.0,0.0,,0.0,0.0,0.0,0.0,0.0,0.0,0.0,0.0,0.0,0.0,0.0,0.0
2025-03-26,Agustin and Everything After,458.l.9833.t.1,0.0,0.0,0.0,0.0,,,0.0,,,,0.0,0.0,0.0,0.0,0.0,0.0,0.0,0.0,0.0,0.0,0.0,0.0,0.0,0.0,0.0,0.0,0.0,0.0,0.0,0.0,0.0,0.0,0.0,0.0,0.0,0.0,0.0,0.0,0.0,0.0,0.0,0.0,0.0,0.0,0.0,0.0,0.0,0.0,0.0,0.0,0.0,0.0,0.0,0.0,0.0,0.0,0.0,0.0,0.0,,0.0,0.0,0.0,0.0,0.0,0.0,0.0,0.0,0.0,0.0,0.0,0.0,0.0,0.0,0.0,0.0,0.0,0.0,,0.0,0.0,0.0,0.0,0.0,0.0,0.0,0.0,0.0,0.0,0.0,0.0
2025-03-26,Chicken Brain,458.l.9833.t.10,0.0,0.0,0.0,0.0,,,0.0,,,,0.0,0.0,0.0,0.0,0.0,0.0,0.0,0.0,0.0,0.0,0.0,0.0,0.0,0.0,0.0,0.0,0.0,0.0,0.0,0.0,0.0,0.0,0.0,0.0,0.0,0.0,0.0,0.0,0.0,0.0,0.0,0.0,0.0,0.0,0.0,0.0,0.0,0.0,0.0,0.0,0.0,0.0,0.0,0.0,0.0,0.0,0.0,0.0,0.0,,0.0,0.0,0.0,0.0,0.0,0.0,0.0,0.0,0.0,0.0,0.0,0.0,0.0,0.0,0.0,0.0,0.0,0.0,,0.0,0.0,0.0,0.0,0.0,0.0,0.0,0.0,0.0,0.0,0.0,0.0
2025-03-26,InterNeto Explorer,458.l.9833.t.4,0.0,0.0,0.0,0.0,,,0.0,,,,0.0,0.0,0.0,0.0,0.0,0.0,0.0,0.0,0.0,0.0,0.0,0.0,0.0,0.0,0.0,0.0,0.0,0.0,0.0,0.0,0.0,0.0,0.0,0.0,0.0,0.0,0.0,0.0,0.0,0.0,0.0,0.0,0.0,0.0,0.0,0.0,0.0,0.0,0.0,0.0,0.0,0.0,0.0,0.0,0.0,0.0,0.0,0.0,0.0,,0.0,0.0,0.0,0.0,0.0,0.0,0.0,0.0,0.0,0.0,0.0,0.0,0.0,0.0,0.0,0.0,0.0,0.0,,0.0,0.0,0.0,0.0,0.0,0.0,0.0,0.0,0.0,0.0,0.0,0.0
2025-03-26,Jax Mannequin,458.l.9833.t.2,0.0,0.0,0.0,0.0,,,0.0,,,,0.0,0.0,0.0,0.0,0.0,0.0,0.0,0.0,0.0,0.0,0.0,0.0,0.0,0.0,0.0,0.0,0.0,0.0,0.0,0.0,0.0,0.0,0.0,0.0,0.0,0.0,0.0,0.0,0.0,0.0,0.0,0.0,0.0,0.0,0.0,0.0,0.0,0.0,0.0,0.0,0.0,0.0,0.0,0.0,0.0,0.0,0.0,0.0,0.0,,0.0,0.0,0.0,0.0,0.0,0.0,0.0,0.0,0.0,0.0,0.0,0.0,0.0,0.0,0.0,0.0,0.0,0.0,,0.0,0.0,0.0,0.0,0.0,0.0,0.0,0.0,0.0,0.0,0.0,0.0
2025-03-26,Rapist Witt,458.l.9833.t.3,0.0,0.0,0.0,0.0,,,0.0,,,,0.0,0.0,0.0,0.0,0.0,0.0,0.0,0.0,0.0,0.0,0.0,0.0,0.0,0.0,0.0,0.0,0.0,0.0,0.0,0.0,0.0,0.0,0.0,0.0,0.0,0.0,0.0,0.0,0.0,0.0,0.0,0.0,0.0,0.0,0.0,0.0,0.0,0.0,0.0,0.0,0.0,0.0,0.0,0.0,0.0,0.0,0.0,0.0,0.0,,0.0,0.0,0.0,0.0,0.0,0.0,0.0,0.0,0.0,0.0,0.0,0.0,0.0,0.0,0.0,0.0,0.0,0.0,,0.0,0.0,0.0,0.0,0.0,0.0,0.0,0.0,0.0,0.0,0.0,0.0
2025-03-26,Revisiting the Good Kikuchi,458.l.9833.t.8,0.0,0.0,0.0,0.0,,,0.0,,,,0.0,0.0,0.0,0.0,0.0,0.0,0.0,0.0,0.0,0.0,0.0,0.0,0.0,0.0,0.0,0.0,0.0,0.0,0.0,0.0,0.0,0.0,0.0,0.0,0.0,0.0,0.0,0.0,0.0,0.0,0.0,0.0,0.0,0.0,0.0,0.0,0.0,0.0,0.0,0.0,0.0,0.0,0.0,0.0,0.0,0.0,0.0,0.0,0.0,,0.0,0.0,0.0,0.0,0.0,0.0,0.0,0.0,0.0,0.0,0.0,0.0,0.0,0.0,0.0,0.0,0.0,0.0,,0.0,0.0,0.0,0.0,0.0,0.0,0.0,0.0,0.0,0.0,0.0,0.0
2025-03-26,TP for my Jung Ho,458.l.9833.t.5,0.0,0.0,0.0,0.0,,,0.0,,,,0.0,0.0,0.0,0.0,0.0,0.0,0.0,0.0,0.0,0.0,0.0,0.0,0.0,0.0,0.0,0.0,0.0,0.0,0.0,0.0,0.0,0.0,0.0,0.0,0.0,0.0,0.0,0.0,0.0,0.0,0.0,0.0,0.0,0.0,0.0,0.0,0.0,0.0,0.0,0.0,0.0,0.0,0.0,0.0,0.0,0.0,0.0,0.0,0.0,,0.0,0.0,0.0,0.0,0.0,0.0,0.0,0.0,0.0,0.0,0.0,0.0,0.0,0.0,0.0,0.0,0.0,0.0,,0.0,0.0,0.0,0.0,0.0,0.0,0.0,0.0,0.0,0.0,0.0,0.0
2025-03-26,Unenthusiastic Handjobs,458.l.9833.t.7,0.0,0.0,0.0,0.0,,,0.0,,,,0.0,0.0,0.0,0.0,0.0,0.0,0.0,0.0,0.0,0.0,0.0,0.0,0.0,0.0,0.0,0.0,0.0,0.0,0.0,0.0,0.0,0.0,0.0,0.0,0.0,0.0,0.0,0.0,0.0,0.0,0.0,0.0,0.0,0.0,0.0,0.0,0.0,0.0,0.0,0.0,0.0,0.0,0.0,0.0,0.0,0.0,0.0,0.0,0.0,,0.0,0.0,0.0,0.0,0.0,0.0,0.0,0.0,0.0,0.0,0.0,0.0,0.0,0.0,0.0,0.0,0.0,0.0,,0.0,0.0,0.0,0.0,0.0,0.0,0.0,0.0,0.0,0.0,0.0,0.0
2025-03-26,Woo Tang Clan,458.l.9833.t.9,0.0,0.0,0.0,0.0,,,0.0,,,,0.0,0.0,0.0,0.0,0.0,0.0,0.0,0.0,0.0,0.0,0.0,0.0,0.0,0.0,0.0,0.0,0.0,0.0,0.0,0.0,0.0,0.0,0.0,0.0,0.0,0.0,0.0,0.0,0.0,0.0,0.0,0.0,0.0,0.0,0.0,0.0,0.0,0.0,0.0,0.0,0.0,0.0,0.0,0.0,0.0,0.0,0.0,0.0,0.0,,0.0,0.0,0.0,0.0,0.0,0.0,0.0,0.0,0.0,0.0,0.0,0.0,0.0,0.0,0.0,0.0,0.0,0.0,,0.0,0.0,0.0,0.0,0.0,0.0,0.0,0.0,0.0,0.0,0.0,0.0
2025-03-27,Afternoon Wood,458.l.9833.t.6,11.0,5.0,7.0,1.0,0.1904761904761904,0.8676190476190477,18.0,5.4,1.4307692307692308,2.571428571428572,0.0,2.0,3.0,18.0,0.0,2.0,0.0,0.0,14.0,42.0,7.0,8.0,21.6,7.0,1.0,0.0,0.0,0.0,0.0,0.0,2.0,0.0,13.0,6.0,1.0,1.0,18.0,11.0,15.0,8.0,45.0,24.0,0.0,0.0,2.0,4.0,0.0,0.0,21.667,0.0,48.6,inf,3.0,0.0,0.0,1.0,0.0,2.0,-3.0,0.32,1.631,0.0,65.0,50.0,379.0,0.0,0.0,20.0,15.0,3.0,0.0,0.0,1.0,5.0,0.0,0.0,0.0,0.0,0.5476190476190477,13.0,0.0,0.0,0.0,23.0,38.0,96.0,0.0,0.0,0.0,0.0,5.0
2025-03-27,Agustin and Everything After,458.l.9833.t.1,5.0,1.0,3.0,1.0,0.2432432432432432,0.7561561561561562,16.0,0.0,0.125,,1.0,1.0,6.0,1.0,2.0,0.0,0.0,0.0,5.0,37.0,3.0,8.0,0.0,0.0,0.0,0.0,0.0,0.0,0.0,0.0,0.0,0.0,0.0,9.0,0.0,0.0,14.0,11.0,12.0,9.0,1.5,1.0,0.0,0.0,1.0,0.0,0.0,0.0,8.0,0.0,46.5,inf,0.0,0.0,0.0,1.0,0.0,1.0,0.0,0.3777777777777777,0.056,0.0,24.0,45.0,120.0,0.0,0.0,25.0,0.0,2.0,0.0,0.0,1.0,0.0,0.0,0.0,0.0,0.0,0.3783783783783784,16.0,0.0,0.0,0.0,14.0,1.0,24.0,0.0,0.0,0.0,0.0,3.0
2025-03-27,Chicken Brain,458.l.9833.t.10,6.0,1.0,3.0,1.0,0.1333333333333333,0.4097222222222222,13.0,3.0,1.5,1.4444444444444444,0.0,1.0,4.0,9.0,1.0,0.0,0.0,0.0,14.0,45.0,4.0,2.0,23.91,9.0,0.0,0.0,0.0,0.0,0.0,0.0,2.0,0.0,4.0,7.0,1.0,0.0,15.0,11.0,13.0,6.0,28.61,9.0,1.0,0.0,0.0,0.0,0.0,0.0,12.0,0.0,48.6,inf,0.0,0.0,0.0,1.0,1.0,1.0,1.0,0.1875,1.275,0.0,36.0,48.0,222.0,0.0,0.0,26.0,4.0,2.0,0.0,0.0,1.0,6.0,0.0,0.0,0.0,0.0,0.2222222222222222,12.0,1.0,1.0,1.0,10.0,9.0,54.0,0.0,1.0,1.0,1.0,2.0
2025-03-27,InterNeto Explorer,458.l.9833.t.4,3.0,2.0,8.0,1.0,0.1944444444444444,0.7,11.0,2.25,1.0,2.75,2.0,0.0,4.0,5.0,1.0,2.0,0.0,0.0,11.0,36.0,2.0,6.0,6.0,4.0,0.0,0.0,0.0,0.0,0.0,0.0,2.0,0.0,3.0,10.0,0.0,1.0,13.0,11.0,13.0,7.0,12.0,8.0,1.0,1.0,0.0,1.0,0.0,0.0,12.0,0.0,16.5,inf,1.0,0.0,0.0,1.0,0.0,0.0,-1.0,0.3111111111111111,0.537,0.0,36.0,45.0,186.0,0.0,0.0,35.0,3.0,0.0,0.0,0.0,1.0,1.0,2.0,0.0,0.0,0.0,0.3888888888888889,13.0,0.0,0.0,0.0,14.0,13.0,48.0,0.0,0.0,0.0,0.0,3.0
2025-03-27,Jax Mannequin,458.l.9833.t.2,7.0,1.0,5.0,0.0,0.2142857142857142,0.6011904761904763,26.0,3.6818181818181817,1.2272727272727273,2.1666666666666665,1.0,1.0,7.0,10.0,1.0,2.0,0.0,0.0,10.0,42.0,7.0,5.0,43.73,12.0,0.0,0.0,0.0,0.0,0.0,0.0,1.0,0.0,9.0,8.0,1.0,3.0,18.0,11.0,15.0,9.0,44.06,15.0,0.0,0.0,1.0,3.0,0.0,0.0,22.0,0.0,79.39,inf,0.0,0.0,0.0,0.0,0.0,1.0,0.0,0.2916666666666667,1.983,0.0,66.0,48.0,416.0,0.0,0.0,26.0,9.0,3.0,0.0,0.0,0.0,0.0,1.0,0.0,0.0,0.0,0.3095238095238095,10.0,0.0,0.0,0.0,13.0,26.0,89.0,0.0,0.0,0.0,2.0,2.0
2025-03-27,Rapist Witt,458.l.9833.t.3,8.0,3.0,8.0,3.0,0.25,0.8833333333333333,18.0,2.511627906976744,0.8372093023255813,6.0,1.0,2.0,4.0,5.0,3.0,1.0,0.0,1.0,6.0,40.0,4.0,5.0,12.38,3.0,0.0,0.0,0.0,0.0,1.0,0.0,1.0,0.0,4.0,10.0,0.0,0.0,15.0,11.0,13.0,10.0,36.32,9.0,0.0,0.0,1.0,2.0,0.0,0.0,14.333,0.0,49.1,inf,0.0,0.0,0.0,2.0,1.0,2.0,1.0,0.3333333333333333,1.11,0.0,43.0,45.0,222.0,0.0,0.0,30.0,4.0,2.0,0.0,0.0,2.0,1.0,0.0,0.0,0.0,0.0,0.55,14.0,1.0,1.0,1.0,22.0,18.0,55.0,0.0,1.0,1.0,0.0,6.0
2025-03-27,Revisiting the Good Kikuchi,458.l.9833.t.8,2.0,1.0,8.0,2.0,0.1860465116279069,0.5590697674418605,17.0,3.3157894736842106,1.2105263157894737,2.125,1.0,0.0,6.0,10.0,1.0,2.0,0.0,1.0,8.0,43.0,5.0,6.0,34.97,8.0,0.0,1.0,0.0,0.0,0.0,0.0,2.0,0.0,7.0,8.0,1.0,1.0,16.0,11.0,14.0,8.0,39.34,15.0,0.0,2.0,0.0,2.0,0.0,0.0,19.0,0.0,42.94,13.0,1.0,0.0,0.0,2.0,-1.0,-1.0,0.0,0.28,1.837,0.0,57.0,50.0,318.0,0.0,0.0,30.0,7.0,2.0,0.0,0.0,2.0,3.0,1.0,0.0,0.0,0.0,0.2790697674418604,9.0,0.0,0.0,1.0,12.0,25.0,80.0,0.0,1.0,1.0,0.0,2.0
2025-03-27,TP for my Jung Ho,458.l.9833.t.5,6.0,4.0,12.0,0.0,0.2926829268292683,1.1398705823792932,13.0,8.307692307692308,2.076923076923077,2.1666666666666665,0.0,2.0,4.0,16.0,2.0,2.0,2.0,0.0,6.0,41.0,5.0,7.0,18.0,6.0,0.0,1.0,0.0,0.0,0.0,0.0,2.0,0.0,12.0,9.0,1.0,1.0,16.0,11.0,13.0,12.0,81.0,21.0,1.0,1.0,0.0,3.0,1.0,0.0,13.0,0.0,45.0,inf,1.0,0.0,0.0,0.0,1.0,1.0,0.0,0.4081632653061224,2.267,0.0,39.0,49.0,235.0,0.0,0.0,30.0,12.0,3.0,0.0,1.0,0.0,0.0,0.0,0.0,0.0,0.0,0.7317073170731707,11.0,2.0,2.0,3.0,30.0,32.0,63.0,0.0,1.0,1.0,0.0,8.0
2025-03-27,Unenthusiastic Handjobs,458.l.9833.t.7,3.0,0.0,3.0,2.0,0.2272727272727272,0.512987012987013,11.0,2.571428571428572,0.8571428571428571,3.6666666666666665,0.0,2.0,10.0,2.0,0.0,0.0,0.0,0.0,6.0,44.0,3.0,4.0,19.8,3.0,0.0,0.0,0.0,0.0,0.0,0.0,1.0,0.0,2.0,9.0,1.0,1.0,14.0,11.0,12.0,10.0,5.4,3.0,0.0,0.0,0.0,1.0,0.0,0.0,7.0,0.0,41.4,11.0,0.0,0.0,0.0,2.0,2.0,2.0,0.0,0.2857142857142857,0.744,0.0,21.0,49.0,120.0,0.0,0.0,30.0,2.0,2.0,0.0,0.0,1.0,0.0,1.0,0.0,0.0,0.0,0.2272727272727272,12.0,2.0,2.0,2.0,10.0,6.0,27.0,0.0,0.0,0.0,1.0,0.0
2025-03-27,Woo Tang Clan,458.l.9833.t.9,7.0,4.0,9.0,0.0,0.1666666666666666,0.7835917312661499,22.0,3.0,0.9047619047619048,3.6666666666666665,2.0,2.0,1.0,8.0,1.0,2.0,0.0,0.0,12.0,36.0,7.0,4.0,32.1,6.0,0.0,0.0,0.0,0.0,1.0,0.0,3.0,1.0,7.0,8.667,1.0,1.0,17.0,10.0,13.0,6.0,50.7,13.0,1.0,0.0,1.0,3.0,0.0,0.0,21.0,0.0,72.3,inf,0.0,0.0,0.0,-1.0,1.0,2.0,3.0,0.2558139534883721,1.986,0.0,63.0,43.0,309.0,0.0,0.0,26.0,7.0,4.0,0.0,1.0,0.0,0.0,1.0,1.0,0.0,0.0,0.5277777777777778,13.0,1.0,1.0,1.0,19.0,24.0,81.0,0.0,3.0,3.0,1.0,5.0
2025-03-28,Afternoon Wood,458.l.9833.t.6,3.0,0.0,3.0,0.0,0.2272727272727272,0.6520376175548589,8.0,2.4545454545454546,0.8181818181818182,2.6666666666666665,0.0,0.0,4.0,1.0,1.0,1.0,0.0,0.0,6.0,22.0,3.0,6.0,12.6,3.0,0.0,0.0,0.0,0.0,0.0,0.0,2.0,1.0,2.0,4.917,0.0,0.0,11.0,8.0,9.0,5.0,5.4,3.0,0.0,1.0,0.0,1.0,0.0,0.0,7.333,0.0,40.95,inf,1.0,0.0,0.0,0.0,0.0,0.0,0.0,0.3793103448275862,0.536,0.0,22.0,29.0,119.0,0.0,0.0,14.0,2.0,2.0,0.0,1.0,0.0,0.0,1.0,0.0,0.0,0.0,0.2727272727272727,6.0,0.0,0.0,0.0,6.0,7.0,29.0,0.0,1.0,1.0,0.0,1.0
2025-03-28,Agustin and Everything After,458.l.9833.t.1,5.0,1.0,3.0,2.0,0.2857142857142857,0.7716450216450217,4.0,8.4375,1.875,4.0,0.0,0.0,6.0,7.0,5.0,1.0,0.0,0.0,11.0,42.0,2.0,0.0,1.8,1.0,0.0,1.0,0.0,0.0,0.0,0.0,4.0,1.0,5.0,9.833,0.0,1.0,13.0,11.0,12.0,12.0,117.0,9.0,1.0,0.0,0.0,1.0,0.0,0.0,5.333,0.0,7.2,4.0,1.0,0.0,0.0,2.0,-1.0,-1.0,0.0,0.2954545454545454,1.1,0.0,16.0,44.0,103.0,0.0,0.0,38.0,6.0,1.0,1.0,0.0,2.0,2.0,1.0,0.0,0.0,0.0,0.4761904761904761,11.0,0.0,0.0,1.0,20.0,13.0,25.0,0.0,1.0,1.0,0.0,6.0
2025-03-28,Chicken Brain,458.l.9833.t.10,2.0,0.0,2.0,1.0,0.2631578947368421,0.7017543859649122,0.0,,,,0.0,0.0,3.0,0.0,2.0,0.0,0.0,0.0,6.0,19.0,0.0,2.0,0.0,0.0,0.0,0.0,0.0,0.0,0.0,0.0,1.0,0.0,0.0,4.0,0.0,0.0,6.0,6.0,5.0,5.0,0.0,0.0,0.0,0.0,0.0,0.0,0.0,0.0,0.0,0.0,0.0,0.0,0.0,0.0,0.0,1.0,0.0,0.0,0.0,0.3333333333333333,0.0,0.0,0.0,21.0,0.0,0.0,0.0,5.0,0.0,0.0,0.0,0.0,1.0,0.0,0.0,0.0,0.0,0.0,0.3684210526315789,5.0,0.0,0.0,0.0,7.0,0.0,0.0,0.0,0.0,0.0,0.0,2.0
2025-03-28,InterNeto Explorer,458.l.9833.t.4,3.0,1.0,3.0,1.0,0.2894736842105263,0.7280701754385965,18.0,2.4107142857142856,1.0714285714285714,2.25,2.0,0.0,9.0,8.0,1.0,2.0,0.0,0.0,5.0,38.0,4.0,2.0,27.18,8.0,0.0,0.0,0.0,0.0,0.0,0.0,0.0,0.0,5.0,9.0,0.0,4.0,14.0,10.0,13.0,11.0,18.26,12.0,1.0,1.0,0.0,2.0,0.0,0.0,18.667,0.0,42.44,9.83,1.0,0.0,0.0,1.0,0.0,0.0,1.0,0.3333333333333333,1.338,1.0,56.0,42.0,291.0,0.0,0.0,29.0,6.0,1.0,0.0,1.0,1.0,1.0,1.0,0.0,0.0,0.0,0.3947368421052631,10.0,0.0,0.0,0.0,15.0,20.0,72.0,0.0,2.0,2.0,0.0,2.0
2025-03-28,Jax Mannequin,458.l.9833.t.2,3.0,0.0,2.0,0.0,0.1842105263157894,0.4563543003851091,9.0,1.2857142857142858,1.1428571428571428,9.0,1.0,0.0,5.0,4.0,2.0,3.0,0.0,0.0,10.0,38.0,2.0,1.0,1.5,1.0,0.0,0.0,0.0,0.0,0.0,0.0,4.0,0.0,1.0,7.0,0.0,0.0,12.0,10.0,11.0,7.0,18.0,7.0,1.0,1.0,0.0,0.0,0.0,0.0,7.0,0.0,21.0,inf,0.0,0.0,0.0,0.0,0.0,0.0,0.0,0.2195121951219512,0.558,0.0,21.0,41.0,100.0,0.0,0.0,32.0,2.0,1.0,0.0,0.0,0.0,1.0,1.0,0.0,0.0,0.0,0.2368421052631578,11.0,0.0,0.0,0.0,9.0,10.0,30.0,0.0,0.0,0.0,2.0,2.0
2025-03-28,Rapist Witt,458.l.9833.t.3,7.0,3.0,7.0,0.0,0.2142857142857142,0.7349896480331263,23.0,2.5,1.0,5.75,2.0,0.0,5.0,10.0,1.0,1.0,0.0,0.0,9.0,42.0,4.0,4.0,6.6,4.0,0.0,1.0,0.0,0.0,0.0,0.0,0.0,1.0,5.0,8.8,1.0,0.0,15.0,11.0,14.0,9.0,45.0,14.0,0.0,0.0,0.0,3.0,0.0,0.0,18.0,0.0,37.5,18.0,0.0,0.0,0.0,0.0,-1.0,-1.0,2.0,0.2826086956521739,1.29,0.0,54.0,46.0,281.0,0.0,0.0,18.0,5.0,1.0,0.0,0.0,0.0,1.0,0.0,0.0,0.0,0.0,0.4523809523809524,17.0,0.0,0.0,1.0,19.0,24.0,70.0,0.0,2.0,2.0,0.0,4.0
2025-03-28,Revisiting the Good Kikuchi,458.l.9833.t.8,4.0,1.0,4.0,2.0,0.1764705882352941,0.5817790530846485,2.0,8.678571428571429,2.142857142857143,1.0,0.0,0.0,5.0,10.0,0.0,5.0,0.0,0.0,8.0,34.0,2.0,6.0,3.6,2.0,0.0,0.0,0.0,0.0,1.0,0.0,2.0,0.0,9.0,10.0,0.0,0.0,12.0,10.0,12.0,6.0,34.89,18.0,1.0,0.0,0.0,3.0,0.0,0.0,9.333,0.0,3.88,inf,1.0,0.0,0.0,1.0,0.0,0.0,-1.0,0.3170731707317073,0.849,0.0,28.0,41.0,174.0,0.0,0.0,22.0,9.0,0.0,0.0,0.0,2.0,1.0,0.0,0.0,0.0,0.0,0.2647058823529412,8.0,0.0,0.0,0.0,9.0,32.0,47.0,0.0,0.0,0.0,0.0,1.0
2025-03-28,TP for my Jung Ho,458.l.9833.t.5,4.0,0.0,2.0,0.0,0.1860465116279069,0.448432760364004,9.0,5.0625,1.125,4.5,0.0,0.0,7.0,2.0,1.0,1.0,0.0,0.0,10.0,43.0,2.0,3.0,4.15,2.0,0.0,0.0,0.0,0.0,0.0,0.0,2.0,1.0,3.0,10.857,2.0,0.0,13.0,11.0,12.0,8.0,8.31,4.0,0.0,0.0,0.0,1.0,0.0,0.0,5.333,0.0,32.54,inf,0.0,0.0,0.0,0.0,0.0,0.0,0.0,0.2391304347826087,0.316,1.0,16.0,46.0,106.0,0.0,0.0,32.0,3.0,1.0,0.0,0.0,0.0,0.0,0.0,0.0,0.0,0.0,0.2093023255813953,5.0,0.0,0.0,0.0,9.0,8.0,22.0,0.0,0.0,0.0,0.0,1.0
2025-03-28,Unenthusiastic Handjobs,458.l.9833.t.7,4.0,2.0,3.0,1.0,0.1875,0.6415441176470589,2.0,0.0,0.0,,0.0,2.0,3.0,0.0,1.0,0.0,0.0,0.0,4.0,32.0,2.0,2.0,0.0,0.0,0.0,0.0,0.0,0.0,0.0,0.0,1.0,0.0,0.0,7.0,1.0,0.0,10.0,8.0,8.0,6.0,0.0,0.0,0.0,0.0,0.0,0.0,0.0,0.0,2.0,0.0,18.0,inf,0.0,0.0,0.0,1.0,2.0,2.0,0.0,0.2352941176470588,0.0,0.0,6.0,34.0,29.0,0.0,0.0,27.0,0.0,2.0,0.0,0.0,1.0,0.0,0.0,0.0,0.0,0.0,0.40625,9.0,2.0,2.0,2.0,13.0,0.0,6.0,0.0,0.0,0.0,0.0,3.0
2025-03-28,Woo Tang Clan,458.l.9833.t.9,4.0,2.0,6.0,0.0,0.2258064516129032,0.7779886148007591,5.0,8.0,2.0,1.25,0.0,0.0,3.0,9.0,2.0,3.0,0.0,0.0,10.0,31.0,2.0,3.0,7.46,4.0,0.0,0.0,0.0,0.0,1.0,0.0,3.0,0.0,8.0,8.0,0.0,2.0,11.0,9.0,11.0,7.0,30.02,14.0,0.0,0.0,0.0,2.0,0.0,0.0,9.0,0.0,11.28,3.67,2.0,0.0,0.0,-1.0,0.0,0.0,-2.0,0.2941176470588235,0.861,1.0,27.0,34.0,169.0,0.0,0.0,23.0,8.0,0.0,0.0,0.0,0.0,2.0,0.0,0.0,0.0,0.0,0.4838709677419355,4.0,0.0,0.0,0.0,15.0,23.0,42.0,0.0,0.0,0.0,0.0,4.0
2025-03-29,Afternoon Wood,458.l.9833.t.6,8.0,1.0,3.0,3.0,0.2631578947368421,0.8759398496240601,7.0,4.5,1.4166666666666667,1.75,0.0,1.0,5.0,8.0,4.0,2.0,0.0,0.0,4.0,38.0,6.0,11.0,39.18,4.0,0.0,0.0,0.0,0.0,0.0,0.0,0.0,0.0,6.0,6.0,0.0,2.0,17.0,11.0,13.0,10.0,72.53,13.0,0.0,0.0,1.0,3.0,1.0,1.0,12.0,1.0,27.35,inf,2.0,0.0,0.0,3.0,0.0,1.0,-2.0,0.4285714285714285,2.256,0.0,36.0,49.0,189.0,0.0,0.0,15.0,6.0,4.0,1.0,0.0,3.0,0.0,0.0,0.0,0.0,0.0,0.4473684210526316,11.0,0.0,0.0,0.0,17.0,24.0,50.0,0.0,0.0,0.0,2.0,5.0
2025-03-29,Agustin and Everything After,458.l.9833.t.1,5.0,0.0,2.0,0.0,0.2682926829268293,0.6648992576882291,8.0,1.8,0.75,2.6666666666666665,2.0,1.0,9.0,9.0,2.0,2.0,0.0,0.0,14.0,41.0,5.0,5.0,4.369999999999999,3.0,0.0,0.0,0.0,0.0,0.0,0.0,5.0,0.0,4.0,10.0,2.0,3.0,16.0,11.0,14.0,11.0,26.27,12.0,0.0,1.0,1.0,1.0,0.0,0.0,20.0,0.0,11.53,inf,0.0,0.0,0.0,0.0,0.0,1.0,2.0,0.3478260869565217,1.031,0.0,60.0,46.0,251.0,0.0,0.0,32.0,4.0,2.0,0.0,0.0,0.0,1.0,0.0,0.0,0.0,0.0,0.3170731707317073,15.0,0.0,0.0,0.0,13.0,17.0,72.0,0.0,2.0,2.0,1.0,2.0
2025-03-29,Chicken Brain,458.l.9833.t.10,5.0,3.0,3.0,0.0,0.1590909090909091,0.5820158102766798,12.0,2.25,1.25,6.0,0.0,1.0,3.0,5.0,1.0,2.0,0.0,0.0,15.0,44.0,4.0,2.0,10.8,2.0,0.0,0.0,0.0,0.0,0.0,0.0,4.0,0.0,2.0,9.0,1.0,0.0,15.0,11.0,12.0,7.0,28.8,8.0,0.0,0.0,0.0,1.0,1.0,0.0,8.0,0.0,72.0,inf,0.0,0.0,0.0,0.0,1.0,1.0,0.0,0.1956521739130435,0.968,1.0,24.0,46.0,129.0,0.0,0.0,30.0,2.0,3.0,0.0,0.0,0.0,0.0,0.0,0.0,0.0,0.0,0.3863636363636363,15.0,1.0,1.0,1.0,17.0,13.0,34.0,0.0,0.0,0.0,0.0,4.0
2025-03-29,InterNeto Explorer,458.l.9833.t.4,5.0,2.0,7.0,0.0,0.2222222222222222,0.8080808080808081,14.0,2.571428571428572,1.2857142857142858,4.666666666666667,0.0,2.0,4.0,4.0,2.0,1.0,0.0,0.0,6.0,36.0,3.0,8.0,12.6,3.0,0.0,0.0,0.0,0.0,1.0,0.0,1.0,1.0,2.0,8.8,0.0,0.0,14.0,11.0,11.0,8.0,18.0,6.0,0.0,0.0,1.0,1.0,0.0,0.0,7.0,0.0,46.8,inf,0.0,0.0,0.0,-1.0,1.0,2.0,1.0,0.3636363636363636,0.8180000000000001,0.0,21.0,44.0,131.0,0.0,0.0,28.0,2.0,2.0,0.0,0.0,0.0,2.0,0.0,0.0,0.0,0.0,0.4444444444444444,12.0,1.0,1.0,1.0,16.0,10.0,30.0,0.0,1.0,1.0,1.0,4.0
2025-03-29,Jax Mannequin,458.l.9833.t.2,3.0,0.0,1.0,0.0,0.1176470588235294,0.3484162895927601,9.0,2.53125,1.5,4.5,0.0,1.0,4.0,13.0,0.0,1.0,0.0,0.0,7.0,34.0,3.0,4.0,3.86,2.0,0.0,0.0,0.0,0.0,0.0,0.0,0.0,0.0,3.0,8.0,2.0,0.0,12.0,9.0,11.0,4.0,40.5,14.0,1.0,4.0,1.0,0.0,0.0,0.0,10.667,1.0,16.71,inf,0.0,0.0,0.0,0.0,0.0,1.0,0.0,0.2307692307692307,1.112,0.0,32.0,39.0,190.0,0.0,1.0,28.0,7.0,1.0,0.0,0.0,0.0,2.0,0.0,0.0,0.0,0.0,0.1176470588235294,6.0,0.0,0.0,0.0,4.0,15.0,55.0,0.0,0.0,0.0,0.0,0.0
2025-03-29,Rapist Witt,458.l.9833.t.3,7.0,4.0,12.0,4.0,0.2777777777777778,1.0753968253968254,4.0,9.642857142857142,2.142857142857143,2.0,0.0,0.0,3.0,6.0,3.0,1.0,0.0,0.0,5.0,36.0,2.0,4.0,54.0,2.0,0.0,0.0,0.0,0.0,2.0,0.0,2.0,0.0,5.0,10.0,1.0,0.0,12.0,10.0,11.0,10.0,41.54,8.0,2.0,1.0,0.0,1.0,0.0,0.0,4.666,0.0,33.230000000000004,inf,1.0,0.0,0.0,2.0,0.0,0.0,-1.0,0.3809523809523809,1.131,0.0,14.0,42.0,104.0,0.0,0.0,30.0,5.0,1.0,0.0,0.0,3.0,2.0,0.0,0.0,0.0,1.0,0.6944444444444444,4.0,0.0,0.0,0.0,25.0,12.0,25.0,0.0,0.0,0.0,0.0,7.0
2025-03-29,Revisiting the Good Kikuchi,458.l.9833.t.8,7.0,1.0,5.0,3.0,0.3255813953488372,0.8758227292672225,2.0,1.5,0.3333333333333333,,1.0,0.0,11.0,1.0,2.0,1.0,0.0,0.0,8.0,43.0,1.0,9.0,0.0,0.0,0.0,0.0,0.0,0.0,0.0,0.0,1.0,1.0,1.0,8.5,0.0,1.0,12.0,11.0,12.0,14.0,3.0,2.0,0.0,0.0,0.0,0.0,1.0,0.0,6.0,0.0,3.0,inf,0.0,0.0,0.0,3.0,0.0,0.0,1.0,0.4339622641509434,0.1,0.0,18.0,53.0,73.0,0.0,0.0,22.0,1.0,0.0,0.0,0.0,2.0,1.0,1.0,0.0,0.0,0.0,0.4418604651162791,8.0,0.0,0.0,0.0,19.0,3.0,20.0,0.0,1.0,1.0,0.0,3.0
2025-03-29,TP for my Jung Ho,458.l.9833.t.5,8.0,3.0,4.0,0.0,0.2894736842105263,0.9541003671970624,3.0,0.0,0.5,3.0,0.0,1.0,5.0,0.0,3.0,0.0,0.0,0.0,7.0,38.0,2.0,4.0,9.0,1.0,0.0,0.0,0.0,0.0,0.0,0.0,1.0,1.0,0.0,7.0,1.0,0.0,13.0,11.0,9.0,11.0,0.0,0.0,0.0,0.0,0.0,0.0,0.0,0.0,2.0,0.0,27.0,inf,0.0,0.0,0.0,0.0,1.0,1.0,0.0,0.3488372093023256,0.25,0.0,6.0,43.0,27.0,0.0,0.0,19.0,0.0,2.0,0.0,0.0,0.0,0.0,1.0,0.0,0.0,0.0,0.6052631578947368,9.0,1.0,1.0,1.0,23.0,0.0,7.0,0.0,0.0,0.0,0.0,6.0
2025-03-29,Unenthusiastic Handjobs,458.l.9833.t.7,3.0,1.0,7.0,0.0,0.2558139534883721,0.6609819121447028,24.0,2.8421052631578947,0.9789473684210526,1.8461538461538465,4.0,0.0,8.0,10.0,2.0,6.0,0.0,0.0,10.0,43.0,6.0,2.0,35.57,13.0,0.0,0.0,0.0,0.0,1.0,0.0,1.0,0.0,10.0,8.0,1.0,0.0,17.0,11.0,17.0,11.0,39.26,18.0,0.0,1.0,0.0,2.0,0.0,0.0,31.667,0.0,44.14,15.33,1.0,0.0,0.0,-1.0,0.0,0.0,1.0,0.2888888888888888,1.698,0.0,95.0,45.0,493.0,0.0,0.0,26.0,10.0,0.0,0.0,0.0,0.0,1.0,0.0,0.0,0.0,0.0,0.3720930232558139,5.0,0.0,0.0,0.0,16.0,30.0,124.0,0.0,2.0,2.0,1.0,3.0
2025-03-29,Woo Tang Clan,458.l.9833.t.9,4.0,3.0,9.0,0.0,0.1739130434782608,0.611304347826087,3.0,2.8421052631578947,2.6842105263157894,0.75,0.0,2.0,4.0,10.0,1.0,2.0,0.0,0.0,15.0,46.0,3.0,2.0,22.15,4.0,0.0,0.0,0.0,1.0,0.0,0.0,4.0,1.0,2.0,7.8,1.0,1.0,14.0,11.0,12.0,8.0,54.69,13.0,1.0,0.0,1.0,1.0,0.0,0.0,6.333,0.0,27.0,3.0,0.0,0.0,0.0,0.0,1.0,2.0,0.0,0.22,1.488,0.0,19.0,50.0,126.0,0.0,0.0,22.0,2.0,2.0,0.0,0.0,0.0,1.0,0.0,0.0,0.0,0.0,0.391304347826087,16.0,1.0,1.0,1.0,18.0,18.0,32.0,0.0,0.0,0.0,0.0,4.0
2025-03-30,Afternoon Wood,458.l.9833.t.6,0.0,0.0,0.0,0.0,0.08,0.1953846153846153,13.0,7.838709677419354,1.8387096774193548,2.1666666666666665,0.0,2.0,2.0,6.0,0.0,4.0,0.0,0.0,4.0,25.0,4.0,1.0,29.72,6.0,0.0,0.0,0.0,0.0,0.0,0.0,1.0,0.0,9.0,6.0,0.0,0.0,12.0,8.0,9.0,2.0,34.94,13.0,0.0,0.0,2.0,3.0,0.0,0.0,10.334,1.0,48.25,11.0,1.0,0.0,0.0,0.0,0.0,2.0,-1.0,0.1153846153846153,1.423,0.0,31.0,26.0,201.0,0.0,0.0,21.0,10.0,2.0,0.0,0.0,0.0,0.0,0.0,0.0,0.0,0.0,0.08,9.0,0.0,0.0,0.0,2.0,26.0,49.0,0.0,0.0,0.0,1.0,0.0
2025-03-30,Agustin and Everything After,458.l.9833.t.1,2.0,1.0,2.0,1.0,0.2307692307692307,0.6356589147286822,3.0,0.0,1.2,,0.0,1.0,7.0,2.0,1.0,0.0,0.0,0.0,15.0,39.0,2.0,4.0,0.0,0.0,0.0,0.0,0.0,0.0,0.0,0.0,3.0,1.0,0.0,9.833,1.0,0.0,13.0,11.0,11.0,9.0,27.0,2.0,0.0,0.0,0.0,0.0,0.0,0.0,1.667,0.0,36.0,inf,0.0,0.0,0.0,1.0,1.0,1.0,1.0,0.3023255813953488,0.5,0.0,5.0,43.0,30.0,0.0,0.0,24.0,0.0,2.0,0.0,1.0,1.0,0.0,0.0,0.0,0.0,0.0,0.3333333333333333,14.0,1.0,1.0,1.0,13.0,2.0,7.0,0.0,1.0,1.0,0.0,2.0
2025-03-30,Chicken Brain,458.l.9833.t.10,5.0,4.0,7.0,1.0,0.25,0.9478260869565216,4.0,0.0,0.8999999999999999,1.3333333333333333,0.0,1.0,5.0,1.0,0.0,1.0,1.0,1.0,16.0,40.0,2.0,4.0,12.18,3.0,0.0,0.0,0.0,0.0,0.0,0.0,2.0,0.0,0.0,9.0,2.0,0.0,13.0,11.0,12.0,10.0,12.18,3.0,2.0,0.0,1.0,0.0,0.0,1.0,6.667,0.0,21.18,3.0,0.0,0.0,0.0,1.0,0.0,1.0,1.0,0.3478260869565217,0.6000000000000001,1.0,20.0,46.0,100.0,0.0,0.0,17.0,0.0,1.0,0.0,0.0,1.0,1.0,0.0,0.0,0.0,0.0,0.6,8.0,0.0,0.0,0.0,24.0,6.0,25.0,0.0,1.0,1.0,0.0,5.0
2025-03-30,InterNeto Explorer,458.l.9833.t.4,3.0,0.0,3.0,3.0,0.1794871794871795,0.5607580824972129,25.0,3.375,0.9583333333333334,8.333333333333334,2.0,1.0,4.0,13.0,3.0,5.0,0.0,0.0,10.0,39.0,6.0,6.0,6.75,3.0,0.0,0.0,0.0,0.0,0.0,0.0,2.0,0.0,9.0,10.0,0.0,2.0,17.0,11.0,15.0,7.0,50.42,20.0,1.0,2.0,0.0,2.0,1.0,0.0,24.0,0.0,56.14,inf,2.0,0.0,0.0,3.0,1.0,1.0,1.0,0.3043478260869565,1.442,0.0,72.0,46.0,361.0,0.0,0.0,38.0,9.0,2.0,0.0,1.0,3.0,2.0,0.0,0.0,0.0,0.0,0.2564102564102564,9.0,1.0,1.0,1.0,10.0,31.0,95.0,0.0,3.0,3.0,2.0,3.0
2025-03-30,Jax Mannequin,458.l.9833.t.2,3.0,0.0,0.0,0.0,0.1785714285714285,0.4955357142857143,10.0,3.24,0.72,5.0,0.0,1.0,4.0,1.0,1.0,1.0,0.0,0.0,2.0,28.0,4.0,4.0,10.69,2.0,0.0,0.0,0.0,0.0,0.0,0.0,0.0,0.0,3.0,5.0,0.0,0.0,12.0,8.0,9.0,5.0,14.06,4.0,0.0,0.0,1.0,2.0,0.0,0.0,8.333,0.0,60.75,inf,0.0,0.0,0.0,0.0,0.0,1.0,1.0,0.28125,0.6000000000000001,0.0,25.0,32.0,135.0,0.0,0.0,13.0,3.0,3.0,0.0,0.0,0.0,0.0,0.0,0.0,0.0,0.0,0.2142857142857142,5.0,0.0,0.0,0.0,6.0,11.0,31.0,0.0,1.0,1.0,0.0,1.0
2025-03-30,Rapist Witt,458.l.9833.t.3,8.0,2.0,8.0,1.0,0.3157894736842105,0.974296205630355,0.0,,,,0.0,0.0,6.0,0.0,4.0,0.0,0.0,0.0,11.0,38.0,0.0,5.0,0.0,0.0,0.0,0.0,0.0,0.0,0.0,0.0,6.0,0.0,0.0,11.0,0.0,0.0,11.0,11.0,11.0,12.0,0.0,0.0,0.0,0.0,0.0,0.0,1.0,0.0,0.0,0.0,0.0,0.0,0.0,0.0,0.0,1.0,0.0,0.0,0.0,0.3953488372093023,0.0,0.0,0.0,43.0,0.0,0.0,0.0,35.0,0.0,0.0,0.0,0.0,1.0,0.0,0.0,0.0,0.0,0.0,0.5789473684210527,7.0,0.0,0.0,0.0,22.0,0.0,0.0,0.0,0.0,0.0,0.0,6.0
2025-03-30,Revisiting the Good Kikuchi,458.l.9833.t.8,4.0,2.0,4.0,0.0,0.15625,0.575,1.0,0.0,1.0,1.0,0.0,1.0,2.0,1.0,1.0,0.0,0.0,0.0,9.0,32.0,2.0,2.0,9.0,1.0,0.0,0.0,0.0,0.0,0.0,0.0,3.0,0.0,0.0,7.0,1.0,0.0,12.0,10.0,9.0,5.0,9.0,1.0,0.0,0.0,0.0,0.0,0.0,0.0,2.0,1.0,9.0,inf,0.0,0.0,0.0,0.0,1.0,1.0,0.0,0.2,0.4,0.0,6.0,35.0,23.0,0.0,0.0,20.0,0.0,2.0,0.0,0.0,0.0,0.0,1.0,0.0,0.0,0.0,0.375,7.0,1.0,1.0,1.0,12.0,1.0,8.0,0.0,0.0,0.0,0.0,3.0
2025-03-30,TP for my Jung Ho,458.l.9833.t.5,6.0,3.0,6.0,3.0,0.3428571428571428,1.0518796992481203,1.0,0.0,0.0,,0.0,0.0,7.0,0.0,2.0,0.0,0.0,0.0,3.0,35.0,1.0,3.0,0.0,0.0,0.0,0.0,0.0,0.0,0.0,0.0,1.0,0.0,0.0,7.0,0.0,0.0,10.0,9.0,9.0,12.0,0.0,0.0,0.0,1.0,0.0,0.0,0.0,0.0,1.0,0.0,9.0,inf,0.0,0.0,0.0,3.0,0.0,0.0,0.0,0.3947368421052631,0.25,0.0,3.0,38.0,14.0,0.0,0.0,21.0,0.0,1.0,0.0,0.0,3.0,0.0,0.0,0.0,0.0,0.0,0.6571428571428571,6.0,0.0,0.0,0.0,23.0,0.0,4.0,0.0,0.0,0.0,0.0,5.0
2025-03-30,Unenthusiastic Handjobs,458.l.9833.t.7,6.0,2.0,9.0,2.0,0.1707317073170731,0.6102981029810298,4.0,0.0,0.5,,0.0,2.0,3.0,1.0,2.0,0.0,0.0,0.0,5.0,41.0,2.0,4.0,0.0,0.0,0.0,0.0,0.0,0.0,0.0,0.0,4.0,0.0,0.0,10.0,1.0,0.0,13.0,11.0,11.0,7.0,9.0,1.0,0.0,0.0,0.0,0.0,0.0,0.0,2.0,0.0,36.0,inf,0.0,0.0,0.0,2.0,2.0,2.0,0.0,0.2444444444444444,0.25,0.0,6.0,45.0,33.0,0.0,0.0,42.0,0.0,2.0,0.0,0.0,2.0,0.0,0.0,0.0,0.0,0.0,0.3658536585365853,5.0,2.0,2.0,2.0,15.0,1.0,7.0,0.0,0.0,0.0,0.0,4.0
2025-03-30,Woo Tang Clan,458.l.9833.t.9,8.0,2.0,7.0,1.0,0.2631578947368421,0.7619617224880382,11.0,0.8181818181818182,0.8181818181818182,2.75,1.0,0.0,8.0,2.0,0.0,2.0,0.0,0.0,8.0,38.0,2.0,3.0,6.6,4.0,0.0,0.0,0.0,0.0,0.0,0.0,2.0,0.0,1.0,8.0,0.0,1.0,12.0,10.0,12.0,10.0,8.1,5.0,2.0,1.0,0.0,1.0,1.0,0.0,11.0,0.0,18.3,5.5,0.0,0.0,0.0,1.0,0.0,0.0,1.0,0.3409090909090909,0.4669999999999999,0.0,33.0,44.0,149.0,0.0,0.0,30.0,1.0,0.0,0.0,0.0,1.0,2.0,1.0,0.0,0.0,0.0,0.4210526315789473,11.0,0.0,0.0,0.0,16.0,10.0,43.0,0.0,1.0,1.0,0.0,2.0
2025-03-31,Afternoon Wood,458.l.9833.t.6,6.0,2.0,5.0,1.0,0.1951219512195122,0.6728525980911984,2.0,0.0,1.0,1.0,0.0,1.0,4.0,0.0,2.0,0.0,0.0,0.0,8.0,41.0,2.0,5.0,18.0,2.0,0.0,0.0,0.0,0.0,0.0,0.0,0.0,0.0,0.0,8.0,2.0,0.0,13.0,11.0,11.0,8.0,0.0,0.0,0.0,0.0,1.0,0.0,0.0,0.0,2.0,0.0,18.0,inf,0.0,0.0,0.0,1.0,0.0,1.0,1.0,0.2826086956521739,0.4,0.0,6.0,46.0,34.0,0.0,0.0,29.0,0.0,2.0,0.0,1.0,1.0,0.0,0.0,0.0,0.0,0.0,0.3902439024390244,15.0,0.0,0.0,0.0,16.0,0.0,8.0,0.0,1.0,1.0,0.0,4.0
2025-03-31,Agustin and Everything After,458.l.9833.t.1,7.0,4.0,12.0,1.0,0.2790697674418604,0.8837209302325582,19.0,6.061224489795919,1.4081632653061225,2.111111111111111,2.0,0.0,6.0,8.0,2.0,1.0,0.0,0.0,12.0,43.0,4.0,0.0,18.3,9.0,0.0,0.0,0.0,0.0,1.0,0.0,2.0,2.0,11.0,7.757,1.0,1.0,14.0,10.0,13.0,12.0,28.2,14.0,0.0,1.0,0.0,5.0,0.0,0.0,16.333,0.0,30.9,7.5,1.0,0.0,0.0,0.0,0.0,0.0,1.0,0.2790697674418604,1.07,0.0,49.0,43.0,287.0,0.0,0.0,33.0,11.0,1.0,0.0,0.0,1.0,2.0,0.0,0.0,0.0,0.0,0.6046511627906976,15.0,0.0,0.0,0.0,26.0,30.0,72.0,0.0,2.0,2.0,1.0,6.0
2025-03-31,Chicken Brain,458.l.9833.t.10,8.0,2.0,10.0,0.0,0.3333333333333333,1.031060606060606,8.0,3.0,1.5,1.6,0.0,0.0,6.0,3.0,3.0,1.0,0.0,0.0,6.0,33.0,2.0,5.0,23.4,5.0,0.0,0.0,0.0,0.0,0.0,0.0,0.0,1.0,2.0,6.75,0.0,0.0,11.0,9.0,10.0,11.0,21.6,4.0,1.0,0.0,0.0,0.0,0.0,0.0,6.0,0.0,14.4,2.67,0.0,0.0,0.0,0.0,0.0,0.0,1.0,0.425,0.821,0.0,18.0,40.0,105.0,0.0,0.0,23.0,2.0,1.0,0.0,0.0,0.0,0.0,1.0,0.0,0.0,0.0,0.6060606060606061,8.0,0.0,0.0,0.0,20.0,5.0,27.0,0.0,1.0,1.0,1.0,5.0
2025-03-31,InterNeto Explorer,458.l.9833.t.4,2.0,0.0,5.0,0.0,0.1944444444444444,0.5277777777777778,0.0,,,,0.0,0.0,5.0,0.0,1.0,0.0,1.0,0.0,12.0,36.0,0.0,3.0,0.0,0.0,0.0,0.0,0.0,0.0,0.0,0.0,1.0,1.0,0.0,6.0,1.0,0.0,10.0,10.0,9.0,7.0,0.0,0.0,0.0,0.0,0.0,0.0,0.0,0.0,0.0,0.0,0.0,0.0,0.0,0.0,0.0,0.0,0.0,0.0,0.0,0.25,0.0,0.0,0.0,40.0,0.0,0.0,0.0,17.0,0.0,0.0,0.0,0.0,0.0,0.0,1.0,0.0,0.0,0.0,0.2777777777777778,9.0,0.0,0.0,0.0,10.0,0.0,0.0,0.0,0.0,0.0,0.0,2.0
2025-03-31,Jax Mannequin,458.l.9833.t.2,5.0,3.0,8.0,0.0,0.282051282051282,0.8311444652908067,4.0,0.0,0.4,,0.0,0.0,7.0,2.0,1.0,0.0,0.0,0.0,1.0,39.0,1.0,1.0,0.0,0.0,0.0,0.0,0.0,0.0,0.0,0.0,1.0,0.0,0.0,7.0,2.0,0.0,11.0,10.0,11.0,11.0,3.6,2.0,0.0,0.0,0.0,0.0,0.0,0.0,5.0,0.0,7.2,inf,0.0,0.0,0.0,0.0,0.0,0.0,1.0,0.2926829268292683,0.118,0.0,15.0,41.0,70.0,0.0,0.0,33.0,0.0,0.0,0.0,0.0,0.0,2.0,1.0,0.0,0.0,0.0,0.5384615384615384,5.0,0.0,0.0,0.0,21.0,2.0,17.0,0.0,1.0,1.0,0.0,4.0
2025-03-31,Rapist Witt,458.l.9833.t.3,10.0,3.0,10.0,4.0,0.3809523809523809,1.1610942249240122,3.0,4.5,0.5,,0.0,0.0,9.0,0.0,3.0,0.0,1.0,0.0,16.0,42.0,2.0,3.0,0.0,0.0,0.0,0.0,0.0,0.0,1.0,0.0,1.0,0.0,1.0,10.0,0.0,0.0,12.0,10.0,10.0,16.0,9.0,1.0,2.0,0.0,0.0,1.0,0.0,0.0,2.0,0.0,27.0,inf,0.0,0.0,0.0,3.0,0.0,0.0,0.0,0.4468085106382978,0.25,0.0,6.0,47.0,30.0,0.0,0.0,23.0,1.0,2.0,0.0,0.0,2.5,0.0,0.0,0.0,0.0,0.0,0.7142857142857143,8.0,0.0,0.0,0.0,30.0,4.0,7.0,0.0,0.0,0.0,0.0,7.0
2025-03-31,Revisiting the Good Kikuchi,458.l.9833.t.8,2.0,1.0,4.0,1.0,0.1578947368421052,0.5358851674641147,6.0,11.571428571428571,2.142857142857143,2.0,0.0,0.0,4.0,4.0,1.0,1.0,0.0,0.0,7.0,38.0,2.0,5.0,11.4,3.0,0.0,0.0,0.0,0.0,0.0,0.0,3.0,0.0,6.0,9.0,0.0,0.0,13.0,11.0,12.0,6.0,21.0,7.0,1.0,0.0,0.0,2.0,0.0,0.0,4.667,0.0,25.2,4.5,1.0,0.0,0.0,1.0,0.0,0.0,-1.0,0.2727272727272727,0.667,0.0,14.0,44.0,93.0,0.0,0.0,37.0,6.0,1.0,0.0,0.0,1.0,1.0,0.0,0.0,0.0,1.0,0.2631578947368421,13.0,0.0,0.0,0.0,10.0,14.0,24.0,0.0,0.0,0.0,1.0,2.0
2025-03-31,TP for my Jung Ho,458.l.9833.t.5,4.0,0.0,4.0,1.0,0.1212121212121212,0.3818181818181818,15.0,3.176470588235294,1.1470588235294117,2.5,0.0,0.0,2.0,6.0,2.0,0.0,0.0,0.0,7.0,33.0,3.0,4.0,17.78,6.0,0.0,0.0,0.0,0.0,0.0,0.0,3.0,0.0,4.0,9.0,0.0,0.0,13.0,10.0,11.0,4.0,12.15,7.0,0.0,0.0,0.0,1.0,1.0,0.0,11.333,0.0,40.61,7.5,1.0,0.0,0.0,1.0,0.0,0.0,-1.0,0.2,0.8089999999999999,0.0,34.0,40.0,202.0,0.0,0.0,23.0,4.0,1.0,0.0,0.0,1.0,3.0,3.0,0.0,0.0,0.0,0.1818181818181818,7.0,0.0,0.0,0.0,6.0,10.0,47.0,0.0,0.0,0.0,0.0,2.0
2025-03-31,Unenthusiastic Handjobs,458.l.9833.t.7,8.0,5.0,11.0,0.0,0.4782608695652174,1.4196062346185396,0.0,,,,0.0,0.0,13.0,0.0,4.0,0.0,0.0,0.0,13.0,46.0,0.0,6.0,0.0,0.0,0.0,0.0,0.0,0.0,0.0,0.0,4.0,1.0,0.0,8.857,0.0,0.0,11.0,11.0,11.0,22.0,0.0,0.0,0.0,0.0,0.0,0.0,0.0,0.0,0.0,0.0,0.0,0.0,0.0,0.0,0.0,0.0,0.0,0.0,0.0,0.5283018867924528,0.0,1.0,0.0,53.0,0.0,0.0,0.0,34.0,0.0,0.0,0.0,0.0,0.0,0.0,1.0,0.0,0.0,0.0,0.8913043478260869,6.0,0.0,0.0,0.0,41.0,0.0,0.0,0.0,0.0,0.0,0.0,9.0
2025-03-31,Woo Tang Clan,458.l.9833.t.9,7.0,2.0,5.0,0.0,0.2,0.6638888888888889,2.0,0.0,1.0,,0.0,0.0,5.0,1.0,1.0,0.0,0.0,0.0,9.0,40.0,1.0,5.0,0.0,0.0,0.0,0.0,0.0,0.0,0.0,0.0,1.0,0.0,0.0,7.0,0.0,0.0,12.0,11.0,10.0,8.0,9.0,1.0,0.0,0.0,0.0,0.0,0.0,0.0,1.0,0.0,18.0,inf,0.0,0.0,0.0,0.0,0.0,0.0,0.0,0.2888888888888888,0.25,0.0,3.0,45.0,11.0,0.0,0.0,8.0,0.0,1.0,0.0,0.0,0.0,0.0,0.0,0.0,0.0,0.0,0.375,9.0,0.0,0.0,0.0,15.0,1.0,4.0,0.0,0.0,0.0,0.0,3.0
2025-04-01,Afternoon Wood,458.l.9833.t.6,5.0,0.0,2.0,3.0,0.2413793103448276,0.6436781609195402,7.0,4.2631578947368425,0.6315789473684211,,0.0,1.0,5.0,3.0,2.0,0.0,0.0,0.0,7.0,29.0,2.0,4.0,0.0,0.0,0.0,0.0,0.0,0.0,0.0,0.0,0.0,0.0,3.0,5.0,0.0,0.0,11.0,9.0,9.0,7.0,7.2,4.0,0.0,3.0,1.0,1.0,0.0,0.0,6.333,0.0,22.5,inf,1.0,0.0,0.0,3.0,0.0,1.0,-1.0,0.3333333333333333,0.486,0.0,19.0,33.0,108.0,0.0,0.0,7.0,3.0,1.0,0.0,0.0,3.0,0.0,0.0,0.0,0.0,0.0,0.3103448275862069,10.0,0.0,0.0,0.0,9.0,7.0,26.0,0.0,0.0,0.0,0.0,2.0
2025-04-01,Agustin and Everything After,458.l.9833.t.1,5.0,3.0,6.0,1.0,0.25,0.7666666666666666,15.0,4.859999999999999,1.26,2.142857142857143,1.0,1.0,6.0,10.0,2.0,3.0,0.0,0.0,11.0,44.0,4.0,1.0,13.76,7.0,0.0,0.0,0.0,0.0,0.0,0.0,4.0,1.0,9.0,9.833,2.0,1.0,15.0,11.0,14.0,11.0,26.34,14.0,0.0,0.0,1.0,1.0,0.0,0.0,16.667,0.0,47.03,inf,1.0,0.0,0.0,1.0,0.0,1.0,0.0,0.2666666666666666,0.951,0.0,50.0,45.0,263.0,0.0,0.0,43.0,9.0,1.0,0.0,0.0,1.0,1.0,0.0,0.0,0.0,0.0,0.5,9.0,0.0,0.0,0.0,22.0,20.0,68.0,0.0,1.0,1.0,1.0,5.0
2025-04-01,Chicken Brain,458.l.9833.t.10,4.0,1.0,5.0,1.0,0.2,0.5575289575289575,5.0,3.0,0.6666666666666666,,0.0,1.0,5.0,2.0,1.0,1.0,0.0,0.0,6.0,35.0,2.0,1.0,0.0,0.0,0.0,0.0,0.0,0.0,0.0,0.0,4.0,0.0,2.0,8.0,1.0,0.0,11.0,9.0,10.0,7.0,14.4,4.0,1.0,0.0,1.0,1.0,0.0,0.0,6.0,0.0,16.2,inf,0.0,0.0,0.0,1.0,0.0,1.0,1.0,0.2432432432432432,0.417,0.0,18.0,37.0,93.0,0.0,0.0,30.0,2.0,1.0,0.0,0.0,1.0,2.0,0.0,0.0,0.0,0.0,0.3142857142857143,11.0,0.0,0.0,0.0,11.0,8.0,22.0,0.0,1.0,1.0,0.0,2.0
2025-04-01,InterNeto Explorer,458.l.9833.t.4,10.0,3.0,4.0,1.0,0.1951219512195122,0.6972428419936373,6.0,6.428571428571429,1.4285714285714286,2.0,0.0,0.0,5.0,4.0,0.0,1.0,0.0,0.0,12.0,41.0,2.0,5.0,4.5,3.0,0.0,1.0,0.0,0.0,0.0,0.0,4.0,0.0,5.0,9.0,2.0,0.0,13.0,11.0,12.0,8.0,18.0,7.0,0.0,0.0,0.0,2.0,0.0,1.0,7.0,0.0,9.0,2.0,1.0,0.0,0.0,1.0,-1.0,-1.0,-1.0,0.2826086956521739,0.521,0.0,21.0,46.0,122.0,0.0,0.0,39.0,7.0,1.0,0.0,0.0,1.0,0.0,0.0,0.0,0.0,0.0,0.4146341463414634,11.0,0.0,0.0,1.0,17.0,14.0,33.0,0.0,0.0,0.0,0.0,3.0
2025-04-01,Jax Mannequin,458.l.9833.t.2,4.0,0.0,1.0,1.0,0.15,0.3593023255813953,21.0,3.0681818181818183,0.9545454545454546,10.5,0.0,3.0,6.0,9.0,0.0,0.0,0.0,0.0,10.0,40.0,5.0,3.0,3.1500000000000004,2.0,0.0,0.0,0.0,0.0,0.0,0.0,1.0,2.0,5.0,6.6,1.0,0.0,15.0,10.0,12.0,6.0,40.05,12.0,0.0,1.0,2.0,3.0,0.0,0.0,14.667,0.0,63.9,inf,0.0,0.0,0.0,1.0,1.0,3.0,2.0,0.2093023255813953,1.147,0.0,44.0,43.0,214.0,0.0,0.0,33.0,5.0,3.0,0.0,0.0,1.0,0.0,0.0,0.0,0.0,0.0,0.15,10.0,1.0,1.0,1.0,6.0,21.0,59.0,0.0,2.0,2.0,0.0,0.0
2025-04-01,Rapist Witt,458.l.9833.t.3,5.0,2.0,3.0,1.0,0.2222222222222222,0.7803030303030303,24.0,2.934782608695652,1.108695652173913,3.4285714285714284,0.0,1.0,5.0,5.0,1.0,3.0,0.0,0.0,17.0,36.0,4.0,6.0,13.43,7.0,0.0,0.0,0.0,0.0,0.0,0.0,5.0,2.0,5.0,8.708,2.0,1.0,15.0,11.0,14.0,8.0,19.11,10.0,2.0,0.0,0.0,2.0,1.0,0.0,15.333,0.0,45.42,14.67,1.0,0.0,0.0,1.0,1.0,1.0,-1.0,0.3636363636363636,0.841,1.0,46.0,44.0,281.0,0.0,0.0,32.0,8.0,1.0,0.0,0.0,1.0,2.0,0.0,0.0,0.0,0.0,0.4166666666666667,10.0,1.0,1.0,1.0,15.0,19.0,63.0,0.0,0.0,0.0,1.0,3.0
2025-04-01,Revisiting the Good Kikuchi,458.l.9833.t.8,3.0,1.0,5.0,1.0,0.2195121951219512,0.6214209968186639,18.0,1.3846153846153846,1.0769230769230769,6.0,1.0,1.0,7.0,8.0,1.0,2.0,0.0,0.0,9.0,41.0,4.0,5.0,19.8,3.0,0.0,0.0,0.0,0.0,0.0,0.0,6.0,1.0,2.0,7.8,0.0,3.0,15.0,11.0,13.0,9.0,24.9,11.0,0.0,0.0,1.0,1.0,0.0,0.0,13.0,0.0,29.4,inf,1.0,0.0,0.0,1.0,0.0,1.0,0.0,0.3043478260869565,1.237,0.0,39.0,46.0,212.0,0.0,0.0,24.0,4.0,2.0,0.0,0.0,1.0,0.0,0.0,0.0,0.0,0.0,0.3170731707317073,13.0,0.0,0.0,0.0,13.0,16.0,51.0,0.0,1.0,1.0,0.0,2.0
2025-04-01,TP for my Jung Ho,458.l.9833.t.5,5.0,2.0,5.0,0.0,0.1860465116279069,0.6112234580384226,14.0,1.975609756097561,0.8780487804878049,4.666666666666667,1.0,1.0,4.0,7.0,2.0,1.0,0.0,0.0,11.0,43.0,3.0,3.0,4.76,3.0,0.0,0.0,0.0,0.0,0.0,0.0,0.0,1.0,3.0,9.8,0.0,4.0,14.0,11.0,13.0,8.0,12.78,9.0,0.0,0.0,0.0,1.0,1.0,0.0,13.667,0.0,20.42,inf,0.0,0.0,0.0,0.0,1.0,1.0,1.0,0.2391304347826087,0.535,0.0,41.0,46.0,208.0,0.0,0.0,19.0,3.0,1.0,0.0,0.0,0.0,1.0,0.0,0.0,0.0,0.0,0.3720930232558139,14.0,1.0,1.0,1.0,16.0,13.0,48.0,0.0,1.0,1.0,1.0,4.0
2025-04-01,Unenthusiastic Handjobs,458.l.9833.t.7,9.0,3.0,8.0,2.0,0.2702702702702703,0.9582309582309584,1.0,0.0,0.0,,0.0,1.0,4.0,0.0,3.0,0.0,0.0,0.0,7.0,37.0,1.0,5.0,0.0,0.0,0.0,0.0,0.0,0.0,0.0,0.0,1.0,1.0,0.0,8.8,0.0,0.0,12.0,11.0,11.0,10.0,0.0,0.0,1.0,0.0,0.0,0.0,1.0,0.0,1.0,0.0,9.0,inf,0.0,0.0,0.0,2.0,1.0,1.0,0.0,0.3636363636363636,0.0,0.0,3.0,44.0,8.0,0.0,0.0,30.0,0.0,1.0,0.0,0.0,2.0,0.0,1.0,0.0,0.0,0.0,0.5945945945945946,9.0,1.0,1.0,1.0,22.0,0.0,3.0,0.0,0.0,0.0,0.0,6.0
2025-04-01,Woo Tang Clan,458.l.9833.t.9,2.0,1.0,9.0,0.0,0.1515151515151515,0.5192465192465192,9.0,0.0,0.4545454545454545,,1.0,1.0,2.0,5.0,2.0,0.0,0.0,0.0,16.0,33.0,3.0,2.0,0.0,0.0,0.0,0.0,1.0,0.0,0.0,0.0,4.0,0.0,0.0,8.0,1.0,2.0,12.0,9.0,10.0,5.0,13.0,5.0,1.0,0.0,0.0,0.0,0.0,0.0,11.0,0.0,17.0,inf,0.0,0.0,0.0,0.0,1.0,1.0,1.0,0.2162162162162162,0.466,0.0,33.0,37.0,124.0,0.0,0.0,24.0,0.0,2.0,0.0,0.0,0.0,0.0,1.0,0.0,1.0,1.0,0.303030303030303,7.0,1.0,1.0,1.0,10.0,5.0,36.0,0.0,1.0,1.0,1.0,3.0
2025-04-02,Afternoon Wood,458.l.9833.t.6,4.0,2.0,5.0,0.0,0.2972972972972973,0.8404118404118404,32.0,2.0,0.8888888888888888,5.333333333333333,3.0,0.0,9.0,11.0,0.0,4.0,0.0,0.0,3.0,37.0,5.0,5.0,8.62,6.0,0.0,0.0,0.0,0.0,0.0,0.0,2.0,1.0,6.0,4.8,0.0,0.0,14.0,9.0,13.0,11.0,25.15,18.0,0.0,0.0,0.0,3.0,0.0,0.0,27.001,0.0,56.620000000000005,inf,1.0,0.0,0.0,0.0,0.0,0.0,2.0,0.3809523809523809,0.927,0.0,81.0,42.0,393.0,0.0,1.0,12.0,6.0,1.0,0.0,0.0,0.0,0.0,0.0,0.0,0.0,0.0,0.4594594594594595,5.0,0.0,0.0,0.0,17.0,31.0,105.0,0.0,3.0,3.0,1.0,2.0
2025-04-02,Agustin and Everything After,458.l.9833.t.1,3.0,2.0,4.0,1.0,0.225,0.736904761904762,12.0,2.25,1.0833333333333333,4.0,0.0,1.0,3.0,5.0,4.0,4.0,0.0,0.0,5.0,40.0,4.0,1.0,12.6,3.0,0.0,0.0,0.0,0.0,0.0,0.0,0.0,0.0,3.0,8.0,0.0,0.0,14.0,10.0,12.0,9.0,18.0,10.0,1.0,1.0,0.0,1.0,0.0,0.0,12.0,0.0,28.8,inf,1.0,0.0,0.0,1.0,1.0,1.0,0.0,0.2619047619047619,0.775,0.0,36.0,42.0,192.0,0.0,0.0,34.0,3.0,2.0,0.0,0.0,1.0,1.0,0.0,0.0,0.0,0.0,0.475,15.0,1.0,1.0,1.0,19.0,17.0,49.0,0.0,1.0,1.0,0.0,6.0
2025-04-02,Chicken Brain,458.l.9833.t.10,8.0,3.0,8.0,2.0,0.2790697674418604,0.8985650667986145,9.0,0.9310344827586208,1.862068965517241,1.5,0.0,1.0,6.0,9.0,3.0,3.0,0.0,0.0,11.0,43.0,3.0,3.0,12.86,6.0,0.0,0.0,0.0,0.0,0.0,0.0,2.0,0.0,1.0,9.0,0.0,0.0,14.0,11.0,13.0,12.0,31.82,12.0,1.0,0.0,1.0,0.0,0.0,0.0,9.667,0.0,25.07,inf,0.0,0.0,0.0,2.0,0.0,1.0,0.0,0.3404255319148936,1.09,0.0,29.0,47.0,175.0,0.0,0.0,34.0,7.0,1.0,0.0,0.0,2.0,0.0,0.0,0.0,0.0,0.0,0.5581395348837209,15.0,0.0,0.0,0.0,24.0,15.0,48.0,0.0,0.0,0.0,1.0,6.0
2025-04-02,InterNeto Explorer,458.l.9833.t.4,10.0,2.0,8.0,0.0,0.2826086956521739,0.7907608695652174,8.0,3.857142857142857,1.2857142857142858,1.6,1.0,0.0,8.0,2.0,3.0,0.0,0.0,0.0,4.0,46.0,2.0,2.0,7.5,5.0,0.0,0.0,0.0,0.0,0.0,0.0,1.0,0.0,3.0,10.0,1.0,1.0,13.0,11.0,12.0,13.0,6.0,4.0,0.0,0.0,0.0,2.0,0.0,0.0,7.0,0.0,27.0,inf,0.0,0.0,0.0,0.0,0.0,0.0,0.0,0.3125,0.346,0.0,21.0,48.0,116.0,0.0,0.0,39.0,3.0,1.0,0.0,0.0,0.0,0.0,0.0,0.0,0.0,0.0,0.4782608695652174,13.0,0.0,0.0,0.0,22.0,10.0,29.0,0.0,0.0,0.0,0.0,5.0
2025-04-02,Jax Mannequin,458.l.9833.t.2,5.0,0.0,1.0,0.0,0.238095238095238,0.5346320346320346,27.0,1.2413793103448276,0.6896551724137931,6.75,3.0,0.0,9.0,13.0,1.0,0.0,0.0,1.0,6.0,42.0,6.0,2.0,6.53,4.0,0.0,0.0,0.0,0.0,1.0,0.0,0.0,0.0,4.0,8.0,0.0,2.0,17.0,11.0,14.0,10.0,30.22,16.0,0.0,2.0,0.0,2.0,0.0,0.0,29.0,0.0,34.97,inf,1.0,0.0,0.0,-1.0,0.0,0.0,2.0,0.2727272727272727,1.325,0.0,87.0,44.0,425.0,0.0,0.0,38.0,5.0,2.0,0.0,0.0,0.0,2.0,0.0,0.0,0.0,0.0,0.2619047619047619,12.0,0.0,0.0,0.0,11.0,24.0,105.0,0.0,3.0,3.0,0.0,1.0
2025-04-02,Rapist Witt,458.l.9833.t.3,4.0,0.0,1.0,0.0,0.1794871794871795,0.3794871794871794,11.0,7.363636363636363,1.7272727272727273,1.375,0.0,0.0,7.0,7.0,0.0,1.0,0.0,0.0,10.0,39.0,4.0,1.0,18.0,8.0,0.0,1.0,0.0,0.0,0.0,0.0,0.0,0.0,9.0,8.0,2.0,1.0,14.0,10.0,12.0,7.0,46.5,11.0,0.0,0.0,0.0,3.0,0.0,0.0,11.0,2.0,43.5,inf,3.0,0.0,0.0,0.0,-1.0,-1.0,-3.0,0.2,1.428,0.0,33.0,40.0,211.0,0.0,0.0,27.0,10.0,2.0,1.0,0.0,0.0,2.0,0.0,0.0,0.0,0.0,0.1794871794871795,11.0,0.0,0.0,1.0,7.0,21.0,51.0,0.0,0.0,0.0,0.0,0.0
2025-04-02,Revisiting the Good Kikuchi,458.l.9833.t.8,5.0,2.0,9.0,1.0,0.2142857142857142,0.6968253968253968,35.0,3.328767123287671,0.9863013698630138,3.888888888888889,2.0,1.0,3.0,8.0,4.0,3.0,0.0,0.0,11.0,42.0,5.0,2.0,15.3,9.0,0.0,0.0,0.0,0.0,2.0,0.0,0.0,0.0,9.0,10.0,0.0,1.0,16.0,11.0,14.0,9.0,24.45,15.0,0.0,0.0,1.0,4.0,1.0,0.0,24.333,0.0,80.7,inf,1.0,0.0,0.0,-1.0,0.0,1.0,0.0,0.2444444444444444,1.023,0.0,73.0,45.0,381.0,0.0,0.0,40.0,9.0,1.0,0.0,0.0,1.0,2.0,1.0,0.0,0.0,0.0,0.4523809523809524,11.0,0.0,0.0,0.0,19.0,30.0,97.0,0.0,1.0,1.0,0.0,6.0
2025-04-02,TP for my Jung Ho,458.l.9833.t.5,8.0,1.0,10.0,1.0,0.2857142857142857,0.772108843537415,9.0,1.0799999999999998,0.84,9.0,1.0,0.0,9.0,5.0,2.0,1.0,0.0,0.0,11.0,42.0,3.0,6.0,1.42,1.0,0.0,0.0,0.0,0.0,0.0,0.0,4.0,2.0,1.0,10.55,1.0,0.0,14.0,11.0,12.0,12.0,23.68,6.0,0.0,0.0,0.0,0.0,1.0,0.0,8.333,0.0,27.95,inf,0.0,0.0,0.0,1.0,0.0,0.0,1.0,0.3673469387755102,0.708,0.0,25.0,49.0,114.0,0.0,0.0,34.0,1.0,2.0,0.0,0.0,1.0,1.0,1.0,0.0,0.0,0.0,0.4047619047619047,11.0,0.0,0.0,0.0,17.0,7.0,32.0,0.0,1.0,1.0,0.0,3.0
2025-04-02,Unenthusiastic Handjobs,458.l.9833.t.7,6.0,1.0,5.0,2.0,0.2444444444444444,0.6839002267573696,13.0,1.6363636363636365,1.0,4.333333333333333,1.0,3.0,7.0,6.0,3.0,2.0,0.0,0.0,4.0,45.0,5.0,4.0,19.29,3.0,0.0,0.0,0.0,0.0,0.0,0.0,0.0,1.0,2.0,7.5,0.0,0.0,16.0,11.0,12.0,11.0,48.86,8.0,0.0,0.0,0.0,0.0,0.0,0.0,11.0,0.0,55.29,inf,1.0,0.0,0.0,2.0,3.0,3.0,-1.0,0.3061224489795918,1.593,0.0,33.0,49.0,157.0,0.0,0.0,25.0,2.0,4.0,0.0,0.0,2.0,1.0,0.0,0.0,0.0,0.0,0.3777777777777777,11.0,3.0,3.0,3.0,17.0,10.0,42.0,0.0,0.0,0.0,1.0,4.0
2025-04-02,Woo Tang Clan,458.l.9833.t.9,6.0,1.0,2.0,1.0,0.1395348837209302,0.4103359173126615,7.0,7.147058823529411,1.4117647058823528,7.0,1.0,1.0,4.0,7.0,1.0,5.0,0.0,0.0,13.0,43.0,3.0,2.0,9.0,1.0,0.0,0.0,0.0,0.0,0.0,0.0,3.0,1.0,9.0,8.667,0.0,0.0,14.0,11.0,13.0,6.0,26.54,15.0,0.0,1.0,0.0,3.0,0.0,0.0,11.333,0.0,18.58,inf,2.0,0.0,0.0,1.0,1.0,1.0,-2.0,0.1777777777777777,0.964,0.0,34.0,45.0,182.0,0.0,2.0,26.0,9.0,1.0,0.0,0.0,1.0,0.0,0.0,0.0,0.0,0.0,0.2325581395348837,14.0,1.0,1.0,1.0,10.0,29.0,49.0,0.0,0.0,0.0,0.0,2.0
2025-04-03,Afternoon Wood,458.l.9833.t.6,0.0,0.0,1.0,1.0,0.2857142857142857,0.7083333333333333,0.0,,,,0.0,0.0,5.0,0.0,1.0,0.0,0.0,0.0,3.0,21.0,0.0,2.0,0.0,0.0,0.0,0.0,0.0,0.0,0.0,0.0,1.0,0.0,0.0,4.0,1.0,0.0,6.0,6.0,6.0,6.0,0.0,0.0,1.0,0.0,0.0,0.0,0.0,0.0,0.0,0.0,0.0,0.0,0.0,0.0,0.0,1.0,0.0,0.0,0.0,0.375,0.0,0.0,0.0,24.0,0.0,0.0,0.0,23.0,0.0,0.0,0.0,0.0,1.0,0.0,0.0,0.0,0.0,0.0,0.3333333333333333,6.0,0.0,0.0,0.0,7.0,0.0,0.0,0.0,0.0,0.0,0.0,1.0
2025-04-03,Agustin and Everything After,458.l.9833.t.1,7.0,0.0,0.0,1.0,0.2058823529411764,0.6779411764705883,4.0,0.0,0.6,,1.0,0.0,2.0,3.0,5.0,1.0,0.0,0.0,12.0,34.0,1.0,5.0,0.0,0.0,0.0,0.0,0.0,0.0,1.0,0.0,4.0,0.0,0.0,8.0,1.0,0.0,11.0,10.0,11.0,7.0,5.4,4.0,1.0,0.0,0.0,0.0,0.0,0.0,6.667,0.0,5.4,inf,1.0,0.0,0.0,0.0,0.0,0.0,-1.0,0.325,0.16,0.0,20.0,40.0,82.0,0.0,0.0,33.0,1.0,0.0,0.0,0.0,1.0,1.0,0.0,0.0,0.0,0.0,0.3529411764705882,9.0,0.0,0.0,0.0,12.0,5.0,25.0,0.0,0.0,0.0,0.0,5.0
2025-04-03,Chicken Brain,458.l.9833.t.10,3.0,1.0,4.0,1.0,0.3125,0.9779411764705884,0.0,,,,0.0,0.0,2.0,0.0,2.0,0.0,0.0,0.0,6.0,16.0,0.0,1.0,0.0,0.0,0.0,0.0,0.0,0.0,0.0,0.0,1.0,0.0,0.0,4.0,0.0,0.0,4.0,4.0,4.0,5.0,0.0,0.0,0.0,0.0,0.0,0.0,0.0,0.0,0.0,0.0,0.0,0.0,0.0,0.0,0.0,1.0,0.0,0.0,0.0,0.3529411764705882,0.0,0.0,0.0,17.0,0.0,0.0,0.0,4.0,0.0,0.0,0.0,0.0,1.0,0.0,0.0,0.0,0.0,0.0,0.625,6.0,0.0,0.0,0.0,10.0,0.0,0.0,0.0,0.0,0.0,0.0,3.0
2025-04-03,InterNeto Explorer,458.l.9833.t.4,6.0,0.0,1.0,0.0,0.1935483870967742,0.428842504743833,8.0,3.0,0.8333333333333334,,1.0,0.0,6.0,4.0,0.0,0.0,0.0,1.0,5.0,31.0,1.0,2.0,0.0,0.0,0.0,0.0,0.0,0.0,0.0,0.0,3.0,0.0,2.0,7.0,1.0,1.0,9.0,8.0,9.0,6.0,7.5,5.0,0.0,0.0,0.0,0.0,0.0,0.0,6.0,0.0,12.0,inf,0.0,0.0,0.0,0.0,0.0,0.0,1.0,0.2352941176470588,0.227,0.0,18.0,34.0,91.0,0.0,0.0,11.0,2.0,0.0,0.0,0.0,0.0,2.0,1.0,0.0,0.0,0.0,0.1935483870967742,9.0,0.0,0.0,0.0,6.0,7.0,22.0,0.0,1.0,1.0,0.0,0.0
2025-04-03,Jax Mannequin,458.l.9833.t.2,2.0,1.0,1.0,0.0,0.2,0.65,6.0,7.2,1.0,,0.0,0.0,2.0,3.0,0.0,0.0,0.0,0.0,2.0,15.0,1.0,0.0,0.0,0.0,1.0,0.0,0.0,0.0,0.0,0.0,1.0,0.0,4.0,2.0,0.0,0.0,6.0,5.0,5.0,3.0,9.0,5.0,1.0,2.0,0.0,2.0,0.0,0.0,5.0,0.0,10.8,inf,1.0,0.0,0.0,0.0,0.0,0.0,-1.0,0.25,0.333,0.0,15.0,16.0,83.0,0.0,0.0,11.0,4.0,0.0,0.0,0.0,0.0,0.0,0.0,0.0,0.0,0.0,0.4,4.0,0.0,0.0,0.0,6.0,11.0,21.0,0.0,0.0,0.0,0.0,1.0
2025-04-03,Rapist Witt,458.l.9833.t.3,4.0,2.0,5.0,2.0,0.3076923076923077,1.2461538461538462,0.0,,,,0.0,0.0,1.0,0.0,1.0,0.0,0.0,0.0,0.0,13.0,0.0,1.0,0.0,0.0,0.0,0.0,0.0,0.0,0.0,0.0,0.0,0.0,0.0,2.0,0.0,0.0,3.0,3.0,3.0,4.0,0.0,0.0,1.0,0.0,0.0,0.0,0.0,0.0,0.0,0.0,0.0,0.0,0.0,0.0,0.0,2.0,0.0,0.0,0.0,0.4,0.0,0.0,0.0,15.0,0.0,0.0,0.0,4.0,0.0,0.0,0.0,0.0,2.0,0.0,0.0,0.0,0.0,0.0,0.8461538461538461,6.0,0.0,0.0,0.0,11.0,0.0,0.0,0.0,0.0,0.0,0.0,3.0
2025-04-03,Revisiting the Good Kikuchi,458.l.9833.t.8,2.0,1.0,1.0,0.0,0.0909090909090909,0.3939393939393939,7.0,5.4,1.6,3.5,0.0,1.0,1.0,3.0,0.0,2.0,0.0,0.0,10.0,22.0,2.0,2.0,4.5,2.0,0.0,0.0,0.0,0.0,0.0,0.0,1.0,1.0,3.0,4.833,0.0,1.0,8.0,6.0,7.0,2.0,20.25,6.0,0.0,1.0,1.0,1.0,0.0,0.0,5.0,0.0,22.5,inf,0.0,0.0,0.0,0.0,0.0,1.0,0.0,0.1666666666666666,0.671,0.0,15.0,24.0,96.0,0.0,0.0,13.0,3.0,1.0,0.0,0.0,0.0,1.0,0.0,0.0,0.0,0.0,0.2272727272727272,7.0,0.0,0.0,0.0,5.0,11.0,23.0,0.0,0.0,0.0,0.0,1.0
2025-04-03,TP for my Jung Ho,458.l.9833.t.5,3.0,0.0,1.0,3.0,0.6363636363636364,1.5324675324675323,1.0,0.0,0.0,,0.0,1.0,5.0,0.0,2.0,0.0,0.0,0.0,2.0,11.0,1.0,3.0,0.0,0.0,0.0,0.0,0.0,0.0,0.0,0.0,1.0,0.0,0.0,3.0,1.0,0.0,5.0,4.0,3.0,7.0,0.0,0.0,0.0,0.0,0.0,0.0,0.0,0.0,1.0,0.0,9.0,inf,0.0,0.0,0.0,3.0,1.0,1.0,0.0,0.7142857142857143,0.0,0.0,3.0,14.0,13.0,0.0,0.0,16.0,0.0,1.0,0.0,0.0,2.0,0.0,0.0,0.0,0.0,0.0,0.8181818181818182,1.0,1.0,1.0,1.0,9.0,0.0,3.0,0.0,0.0,0.0,0.0,2.0
2025-04-03,Unenthusiastic Handjobs,458.l.9833.t.7,0.0,0.0,0.0,0.0,0.2,0.6000000000000001,0.0,,,,0.0,0.0,0.0,0.0,1.0,0.0,0.0,0.0,0.0,5.0,0.0,0.0,0.0,0.0,0.0,0.0,0.0,0.0,0.0,0.0,0.0,0.0,0.0,1.0,0.0,0.0,1.0,1.0,1.0,1.0,0.0,0.0,0.0,0.0,0.0,0.0,0.0,0.0,0.0,0.0,0.0,0.0,0.0,0.0,0.0,0.0,0.0,0.0,0.0,0.2,0.0,0.0,0.0,5.0,0.0,0.0,0.0,1.0,0.0,0.0,0.0,0.0,0.0,0.0,0.0,0.0,0.0,0.0,0.4,1.0,0.0,0.0,0.0,2.0,0.0,0.0,0.0,0.0,0.0,0.0,1.0
2025-04-03,Woo Tang Clan,458.l.9833.t.9,4.0,3.0,5.0,1.0,0.238095238095238,1.0476190476190477,5.0,0.0,1.5789473684210529,,0.0,1.0,1.0,9.0,1.0,1.0,0.0,0.0,12.0,21.0,2.0,3.0,0.0,0.0,0.0,0.0,0.0,0.0,1.0,0.0,3.0,0.0,0.0,5.0,0.0,1.0,8.0,6.0,6.0,5.0,16.88,10.0,0.0,0.0,1.0,0.0,1.0,0.0,6.333,0.0,23.06,inf,1.0,0.0,0.0,0.0,0.0,1.0,-1.0,0.3333333333333333,0.4,0.0,19.0,24.0,109.0,0.0,0.0,13.0,1.0,1.0,0.0,0.0,1.0,1.0,0.0,0.0,0.0,0.0,0.7142857142857143,4.0,0.0,0.0,0.0,15.0,11.0,29.0,0.0,0.0,0.0,0.0,4.0
2025-04-04,Afternoon Wood,458.l.9833.t.6,8.0,3.0,10.0,1.0,0.3571428571428571,1.0320910973084887,12.0,2.892857142857143,1.2857142857142856,6.0,1.0,2.0,10.0,8.0,2.0,2.0,0.0,0.0,14.0,42.0,4.0,3.0,3.0,2.0,0.0,0.0,0.0,0.0,2.0,0.0,3.0,0.0,3.0,9.0,2.0,1.0,15.0,11.0,12.0,15.0,30.0,10.0,1.0,1.0,2.0,0.0,0.0,0.0,9.333,0.0,43.5,inf,1.0,0.0,0.0,-1.0,0.0,2.0,-1.0,0.4130434782608695,0.962,0.0,28.0,46.0,133.0,0.0,0.0,19.0,3.0,3.0,0.0,0.0,1.0,0.0,0.0,0.0,0.0,0.0,0.6190476190476191,13.0,0.0,0.0,0.0,26.0,12.0,40.0,0.0,0.0,0.0,0.0,5.0
2025-04-04,Agustin and Everything After,458.l.9833.t.1,7.0,2.0,7.0,1.0,0.2727272727272727,0.8145454545454545,8.0,3.0,2.1666666666666665,2.0,0.0,1.0,8.0,7.0,2.0,1.0,0.0,0.0,9.0,44.0,4.0,4.0,18.0,4.0,0.0,1.0,0.0,0.0,1.0,0.0,5.0,0.0,2.0,10.0,2.0,0.0,15.0,11.0,12.0,12.0,51.0,9.0,2.0,0.0,0.0,1.0,1.0,0.0,6.0,0.0,42.0,inf,0.0,0.0,0.0,0.0,0.0,0.0,0.0,0.36,1.373,1.0,18.0,50.0,126.0,0.0,0.0,38.0,7.0,3.0,0.0,0.0,1.0,3.0,0.0,0.0,0.0,0.0,0.4545454545454545,10.0,1.0,1.0,2.0,20.0,13.0,33.0,0.0,0.0,0.0,0.0,4.0
2025-04-04,Chicken Brain,458.l.9833.t.10,4.0,1.0,6.0,0.0,0.2105263157894736,0.6562150055991041,3.0,9.0,2.6666666666666665,1.5,0.0,1.0,6.0,5.0,1.0,0.0,0.0,0.0,13.0,38.0,2.0,8.0,7.71,2.0,0.0,0.0,0.0,0.0,0.0,0.0,5.0,1.0,3.0,7.833,0.0,0.0,13.0,11.0,11.0,8.0,32.79,6.0,0.0,0.0,1.0,1.0,0.0,0.0,3.0,1.0,21.21,inf,0.0,0.0,0.0,0.0,0.0,1.0,0.0,0.3404255319148936,0.833,0.0,9.0,47.0,76.0,0.0,0.0,25.0,3.0,1.0,0.0,0.0,0.0,0.0,0.0,1.0,0.0,0.0,0.3157894736842105,13.0,0.0,0.0,0.0,12.0,9.0,17.0,0.0,0.0,0.0,1.0,2.0
2025-04-04,InterNeto Explorer,458.l.9833.t.4,11.0,3.0,10.0,2.0,0.3863636363636363,1.1296791443850267,20.0,4.153846153846154,1.2692307692307694,2.2222222222222223,1.0,1.0,11.0,9.0,3.0,4.0,0.0,0.0,8.0,44.0,4.0,5.0,24.57,9.0,0.0,0.0,0.0,0.0,1.0,0.0,2.0,0.0,8.0,10.0,0.0,2.0,15.0,11.0,14.0,17.0,26.97,13.0,2.0,2.0,0.0,0.0,0.0,0.0,17.334,0.0,40.23,9.5,1.0,0.0,0.0,1.0,1.0,1.0,1.0,0.4705882352941176,1.287,0.0,52.0,51.0,299.0,0.0,1.0,35.0,8.0,1.0,0.0,0.0,2.0,4.0,0.0,0.0,0.0,0.0,0.6590909090909091,3.0,1.0,1.0,1.0,29.0,17.0,74.0,0.0,2.0,2.0,0.0,6.0
2025-04-04,Jax Mannequin,458.l.9833.t.2,7.0,0.0,1.0,1.0,0.3636363636363636,0.977886977886978,9.0,1.1739130434782608,1.0434782608695652,9.0,0.0,2.0,6.0,6.0,6.0,0.0,0.0,0.0,2.0,33.0,3.0,4.0,1.59,1.0,0.0,0.0,0.0,0.0,0.0,0.0,2.0,0.0,1.0,8.0,0.0,0.0,13.0,10.0,11.0,12.0,18.53,7.0,0.0,0.0,2.0,1.0,0.0,0.0,7.667,0.0,36.53,inf,0.0,0.0,0.0,1.0,0.0,2.0,1.0,0.4324324324324324,0.554,0.0,23.0,37.0,135.0,0.0,1.0,20.0,1.0,2.0,0.0,0.0,1.0,1.0,0.0,0.0,0.0,0.0,0.5454545454545454,6.0,0.0,0.0,0.0,18.0,10.0,30.0,0.0,1.0,1.0,0.0,6.0
2025-04-04,Rapist Witt,458.l.9833.t.3,10.0,2.0,4.0,3.0,0.1956521739130435,0.6626409017713366,6.0,2.189189189189189,0.8918918918918919,1.0,1.0,0.0,6.0,2.0,1.0,2.0,0.0,0.0,8.0,46.0,3.0,8.0,16.88,6.0,0.0,0.0,0.0,0.0,0.0,0.0,3.0,1.0,3.0,9.75,0.0,2.0,14.0,11.0,13.0,9.0,7.88,5.0,0.0,0.0,0.0,1.0,2.0,0.0,12.333,0.0,16.5,2.67,2.0,0.0,0.0,3.0,0.0,0.0,-2.0,0.3148148148148148,0.734,0.0,37.0,54.0,202.0,0.0,0.0,36.0,4.0,1.0,0.0,0.0,3.0,1.0,0.0,0.0,0.0,0.0,0.3478260869565217,13.0,0.0,0.0,0.0,16.0,10.0,45.0,0.0,0.0,0.0,1.0,3.0
2025-04-04,Revisiting the Good Kikuchi,458.l.9833.t.8,7.0,3.0,5.0,1.0,0.2051282051282051,0.6978021978021978,5.0,6.136363636363637,1.6363636363636365,1.0,0.0,2.0,5.0,4.0,0.0,1.0,0.0,0.0,11.0,39.0,4.0,3.0,30.86,5.0,0.0,0.0,0.0,0.0,0.0,0.0,2.0,1.0,5.0,7.5,0.0,0.0,14.0,10.0,11.0,8.0,32.14,7.0,0.0,0.0,1.0,2.0,1.0,0.0,7.334,0.0,35.36,inf,1.0,0.0,0.0,1.0,1.0,2.0,-1.0,0.2619047619047619,1.516,0.0,22.0,42.0,148.0,0.0,0.0,26.0,5.0,3.0,0.0,0.0,1.0,4.0,0.0,0.0,0.0,0.0,0.4358974358974359,10.0,1.0,1.0,1.0,17.0,14.0,33.0,0.0,0.0,0.0,0.0,3.0
2025-04-04,TP for my Jung Ho,458.l.9833.t.5,4.0,1.0,5.0,3.0,0.225,0.597872340425532,2.0,6.0,1.6666666666666667,,0.0,1.0,8.0,3.0,0.0,1.0,0.0,0.0,11.0,40.0,3.0,4.0,0.0,0.0,0.0,0.0,0.0,0.0,0.0,0.0,1.0,0.0,2.0,10.0,3.0,0.0,14.0,11.0,11.0,9.0,45.0,5.0,1.0,0.0,0.0,1.0,0.0,0.0,3.0,0.0,18.0,inf,0.0,0.0,0.0,3.0,1.0,1.0,0.0,0.2978723404255319,1.0,0.0,9.0,47.0,64.0,0.0,0.0,37.0,2.0,3.0,0.0,0.0,3.0,0.0,2.0,0.0,0.0,0.0,0.3,10.0,1.0,1.0,1.0,12.0,9.0,14.0,0.0,0.0,0.0,0.0,1.0
2025-04-04,Unenthusiastic Handjobs,458.l.9833.t.7,9.0,4.0,10.0,1.0,0.2888888888888888,0.96,22.0,1.9058823529411768,0.6705882352941177,11.0,3.0,0.0,7.0,9.0,2.0,4.0,0.0,0.0,8.0,45.0,5.0,5.0,10.5,2.0,0.0,0.0,0.0,0.0,0.0,0.0,1.0,2.0,6.0,8.25,1.0,1.0,16.0,11.0,15.0,13.0,23.66,17.0,0.0,0.0,0.0,4.0,0.0,1.0,28.333,0.0,43.16,inf,0.0,0.0,0.0,1.0,0.0,0.0,4.0,0.36,1.003,0.0,85.0,50.0,384.0,0.0,0.0,29.0,7.0,1.0,0.0,0.0,1.0,0.0,0.0,0.0,0.0,0.0,0.6,9.0,0.0,0.0,0.0,27.0,33.0,102.0,0.0,4.0,4.0,0.0,6.0
2025-04-04,Woo Tang Clan,458.l.9833.t.9,5.0,0.0,3.0,4.0,0.1914893617021276,0.5118898623279099,1.0,0.0,1.7999999999999998,0.5,0.0,2.0,5.0,1.0,4.0,0.0,0.0,0.0,15.0,47.0,2.0,3.0,22.5,2.0,0.0,0.0,0.0,0.0,0.0,0.0,3.0,3.0,0.0,9.617,0.0,1.0,13.0,11.0,11.0,9.0,9.0,1.0,0.0,0.0,0.0,0.0,1.0,0.0,1.667,0.0,9.0,1.0,0.0,0.0,0.0,4.0,2.0,2.0,0.0,0.2352941176470588,0.9,0.0,5.0,51.0,43.0,0.0,0.0,35.0,0.0,2.0,0.0,0.0,3.0,0.0,0.0,1.0,0.0,0.0,0.2765957446808511,10.0,2.0,2.0,2.0,13.0,1.0,7.0,0.0,0.0,0.0,0.0,4.0
2025-04-05,Afternoon Wood,458.l.9833.t.6,1.0,0.0,4.0,1.0,0.1621621621621621,0.4213444213444213,9.0,4.821428571428571,1.607142857142857,1.8,0.0,0.0,4.0,5.0,2.0,4.0,0.0,0.0,19.0,37.0,2.0,2.0,9.56,5.0,0.0,0.0,0.0,0.0,0.0,0.0,7.0,1.0,5.0,6.75,0.0,0.0,12.0,10.0,12.0,6.0,18.56,10.0,0.0,0.0,0.0,1.0,0.0,0.0,9.333,0.0,18.0,3.83,1.0,0.0,0.0,1.0,0.0,0.0,-1.0,0.2051282051282051,0.711,0.0,28.0,39.0,177.0,0.0,0.0,20.0,5.0,0.0,0.0,0.0,1.0,2.0,0.0,0.0,0.0,0.0,0.2162162162162162,13.0,0.0,0.0,0.0,8.0,17.0,41.0,0.0,0.0,0.0,0.0,2.0
2025-04-05,Agustin and Everything After,458.l.9833.t.1,7.0,1.0,5.0,0.0,0.2432432432432432,0.7054054054054054,11.0,4.319999999999999,1.5599999999999998,3.6666666666666665,1.0,1.0,5.0,7.0,3.0,2.0,0.0,0.0,3.0,37.0,3.0,3.0,4.5,3.0,0.0,0.0,0.0,0.0,0.0,0.0,4.0,1.0,4.0,8.875,1.0,2.0,12.0,9.0,10.0,9.0,35.25,10.0,0.0,0.0,1.0,1.0,0.0,0.0,8.333,2.0,54.75,inf,1.0,0.0,0.0,0.0,0.0,1.0,0.0,0.3,1.0,0.0,25.0,40.0,130.0,0.0,0.0,45.0,4.0,2.0,1.0,0.0,0.0,1.0,0.0,0.0,0.0,0.0,0.4054054054054054,7.0,0.0,0.0,0.0,15.0,15.0,35.0,0.0,1.0,1.0,0.0,4.0
2025-04-05,Chicken Brain,458.l.9833.t.10,8.0,3.0,6.0,1.0,0.3448275862068966,1.196360153256705,1.0,0.0,0.0,,0.0,1.0,5.0,0.0,2.0,0.0,0.0,0.0,6.0,29.0,1.0,6.0,0.0,0.0,0.0,0.0,0.0,0.0,1.0,0.0,2.0,0.0,0.0,7.0,0.0,0.0,9.0,8.0,8.0,10.0,0.0,0.0,1.0,0.0,1.0,0.0,0.0,0.0,1.0,0.0,9.0,inf,0.0,0.0,0.0,0.0,0.0,1.0,0.0,0.4722222222222222,0.0,0.0,3.0,36.0,9.0,0.0,0.0,20.0,0.0,1.0,0.0,0.0,1.0,0.0,0.0,0.0,0.0,0.0,0.7241379310344828,5.0,0.0,0.0,0.0,21.0,0.0,3.0,0.0,0.0,0.0,0.0,5.0
2025-04-05,InterNeto Explorer,458.l.9833.t.4,2.0,0.0,6.0,1.0,0.25,0.6339285714285714,21.0,5.949152542372881,1.7288135593220335,1.9090909090909087,1.0,1.0,5.0,13.0,2.0,4.0,0.0,0.0,6.0,28.0,5.0,3.0,23.49,11.0,0.0,0.0,0.0,0.0,1.0,0.0,3.0,0.0,13.0,7.0,0.0,1.0,12.0,7.0,11.0,7.0,54.6,23.0,0.0,0.0,0.0,6.0,0.0,0.0,19.667,0.0,57.17,inf,3.0,0.0,0.0,0.0,1.0,1.0,-3.0,0.3125,1.765,1.0,59.0,32.0,350.0,0.0,0.0,25.0,13.0,1.0,0.0,0.0,1.0,2.0,1.0,0.0,0.0,0.0,0.3214285714285714,7.0,1.0,1.0,1.0,9.0,45.0,92.0,0.0,0.0,0.0,2.0,2.0
2025-04-05,Jax Mannequin,458.l.9833.t.2,3.0,1.0,6.0,0.0,0.1935483870967742,0.7489102005231038,3.0,1.2857142857142858,1.4285714285714286,0.5,1.0,0.0,1.0,3.0,3.0,0.0,1.0,0.0,6.0,31.0,2.0,5.0,16.5,6.0,0.0,0.0,0.0,0.0,1.0,0.0,1.0,0.0,1.0,7.0,0.0,1.0,11.0,9.0,10.0,6.0,6.0,4.0,0.0,1.0,0.0,1.0,0.0,1.0,7.0,0.0,12.0,1.4,0.0,0.0,0.0,-1.0,0.0,0.0,1.0,0.2972972972972973,0.775,0.0,21.0,37.0,98.0,0.0,2.0,27.0,1.0,1.0,0.0,0.0,0.0,3.0,1.0,0.0,0.0,0.0,0.4516129032258064,11.0,0.0,0.0,0.0,14.0,7.0,29.0,0.0,1.0,1.0,0.0,5.0
2025-04-05,Rapist Witt,458.l.9833.t.3,9.0,3.0,5.0,0.0,0.35,1.0583333333333331,8.0,3.857142857142857,1.7142857142857142,8.0,0.0,1.0,10.0,10.0,1.0,0.0,0.0,1.0,15.0,40.0,3.0,7.0,1.8,1.0,0.0,0.0,0.0,0.0,0.0,0.0,3.0,1.0,3.0,8.75,1.0,1.0,14.0,11.0,12.0,14.0,34.2,11.0,1.0,0.0,0.0,0.0,0.0,0.0,7.0,0.0,21.6,inf,0.0,0.0,0.0,0.0,1.0,1.0,1.0,0.4583333333333333,0.983,1.0,21.0,48.0,102.0,0.0,0.0,16.0,5.0,2.0,0.0,0.0,0.0,1.0,0.0,0.0,0.0,0.0,0.6,6.0,1.0,1.0,1.0,24.0,13.0,32.0,0.0,1.0,1.0,0.0,4.0
2025-04-05,Revisiting the Good Kikuchi,458.l.9833.t.8,7.0,2.0,4.0,1.0,0.2142857142857142,0.7026342451874367,5.0,7.0434782608695645,1.434782608695652,2.5,0.0,1.0,5.0,6.0,2.0,2.0,0.0,1.0,10.0,42.0,3.0,4.0,10.59,2.0,0.0,0.0,0.0,0.0,0.0,0.0,4.0,0.0,6.0,10.0,1.0,0.0,14.0,11.0,12.0,9.0,36.53,9.0,1.0,0.0,0.0,0.0,0.0,0.0,7.667,0.0,7.94,5.0,1.0,0.0,0.0,1.0,1.0,1.0,-1.0,0.2978723404255319,1.204,0.0,23.0,47.0,123.0,0.0,0.0,39.0,6.0,2.0,0.0,0.0,1.0,0.0,0.0,0.0,0.0,0.0,0.4047619047619047,11.0,1.0,1.0,1.0,17.0,13.0,32.0,0.0,0.0,0.0,1.0,4.0
2025-04-05,TP for my Jung Ho,458.l.9833.t.5,9.0,2.0,4.0,0.0,0.2790697674418604,0.8324632178452777,1.0,0.0,1.0,,0.0,1.0,8.0,1.0,2.0,0.0,0.0,0.0,6.0,43.0,1.0,6.0,0.0,0.0,0.0,0.0,0.0,0.0,1.0,0.0,3.0,0.0,0.0,8.0,1.0,0.0,12.0,11.0,11.0,12.0,9.0,1.0,0.0,0.0,0.0,0.0,0.0,0.0,1.0,0.0,9.0,inf,0.0,0.0,0.0,-1.0,1.0,1.0,0.0,0.3673469387755102,0.25,0.0,3.0,49.0,17.0,0.0,0.0,24.0,0.0,1.0,0.0,0.0,0.0,0.0,0.0,0.0,0.0,0.0,0.4651162790697674,6.0,1.0,1.0,1.0,20.0,1.0,4.0,0.0,0.0,0.0,0.0,4.0
2025-04-05,Unenthusiastic Handjobs,458.l.9833.t.7,3.0,2.0,4.0,0.0,0.1538461538461538,0.5402504472271914,10.0,6.0,1.4444444444444444,2.0,0.0,0.0,4.0,6.0,0.0,1.0,0.0,0.0,5.0,39.0,4.0,4.0,11.86,5.0,0.0,0.0,0.0,0.0,0.0,0.0,1.0,0.0,6.0,8.0,0.0,0.0,14.0,10.0,12.0,6.0,32.11,8.0,0.0,1.0,0.0,1.0,1.0,0.0,9.0,1.0,43.36,inf,1.0,0.0,0.0,0.0,0.0,0.0,0.0,0.2325581395348837,1.083,0.0,27.0,43.0,163.0,0.0,0.0,27.0,6.0,2.0,0.0,1.0,0.0,2.0,0.0,0.0,0.0,0.0,0.3076923076923077,11.0,0.0,0.0,0.0,12.0,12.0,41.0,0.0,1.0,1.0,1.0,2.0
2025-04-05,Woo Tang Clan,458.l.9833.t.9,3.0,0.0,1.0,2.0,0.25,0.7394957983193278,3.0,6.352941176470588,1.4117647058823528,,0.0,0.0,4.0,4.0,3.0,2.0,0.0,0.0,19.0,28.0,1.0,4.0,0.0,0.0,0.0,0.0,0.0,0.0,1.0,0.0,9.0,0.0,4.0,7.0,1.0,0.0,9.0,8.0,9.0,7.0,12.71,8.0,2.0,0.0,0.0,2.0,0.0,0.0,5.667,0.0,4.76,inf,0.0,0.0,0.0,1.0,0.0,0.0,0.0,0.3823529411764705,0.333,1.0,17.0,34.0,82.0,0.0,0.0,20.0,4.0,0.0,0.0,0.0,1.0,1.0,0.0,0.0,0.0,0.0,0.3571428571428571,7.0,0.0,0.0,0.0,10.0,16.0,24.0,0.0,0.0,0.0,0.0,3.0
2025-04-06,Afternoon Wood,458.l.9833.t.6,7.0,1.0,8.0,0.0,0.2857142857142857,0.7338935574229692,4.0,0.0,1.2,1.3333333333333333,0.0,2.0,10.0,1.0,1.0,0.0,0.0,0.0,12.0,42.0,4.0,6.0,63.0,3.0,0.0,0.0,0.0,0.0,0.0,0.0,0.0,0.0,0.0,8.0,0.0,0.0,15.0,11.0,11.0,12.0,9.0,1.0,0.0,0.0,2.0,0.0,0.0,0.0,3.333,0.0,36.0,inf,0.0,0.0,0.0,0.0,0.0,2.0,1.0,0.3529411764705882,1.0670000000000002,0.0,10.0,51.0,67.0,0.0,0.0,20.0,0.0,4.0,0.0,1.0,0.0,1.0,2.0,1.0,0.0,0.0,0.3809523809523809,13.0,0.0,0.0,0.0,16.0,1.0,14.0,0.0,1.0,1.0,0.0,2.0
2025-04-06,Agustin and Everything After,458.l.9833.t.1,7.0,3.0,12.0,1.0,0.2666666666666666,0.850733752620545,24.0,4.909090909090909,1.4090909090909092,4.0,1.0,0.0,7.0,16.0,2.0,4.0,0.0,1.0,4.0,45.0,5.0,6.0,25.09,6.0,0.0,1.0,0.0,0.0,1.0,0.0,0.0,0.0,12.0,9.0,1.0,1.0,17.0,12.0,16.0,12.0,59.63,25.0,0.0,2.0,0.0,4.0,0.0,1.0,22.0,0.0,41.29,24.0,0.0,0.0,0.0,0.0,-1.0,-1.0,3.0,0.3396226415094339,1.863,0.0,66.0,53.0,375.0,0.0,0.0,42.0,13.0,1.0,0.0,1.0,1.0,1.0,2.0,0.0,0.0,0.0,0.5111111111111111,13.0,0.0,0.0,1.0,23.0,43.0,98.0,0.0,3.0,3.0,0.0,5.0
2025-04-06,Chicken Brain,458.l.9833.t.10,6.0,2.0,11.0,0.0,0.2105263157894736,0.8070175438596491,2.0,21.0,3.333333333333333,0.3333333333333333,0.0,0.0,2.0,3.0,4.0,1.0,0.0,0.0,15.0,38.0,2.0,7.0,31.5,6.0,0.0,1.0,0.0,0.0,0.0,0.0,2.0,0.0,7.0,8.0,0.0,0.0,13.0,11.0,12.0,8.0,27.0,4.0,1.0,0.0,0.0,0.0,0.0,0.0,3.0,0.0,9.0,0.4,1.0,0.0,0.0,0.0,-1.0,-1.0,-1.0,0.3333333333333333,1.038,0.0,9.0,48.0,80.0,0.0,0.0,23.0,7.0,1.0,1.0,0.0,0.0,0.0,2.0,0.0,0.0,0.0,0.4736842105263157,12.0,0.0,0.0,1.0,18.0,5.0,19.0,0.0,0.0,0.0,1.0,6.0
2025-04-06,InterNeto Explorer,458.l.9833.t.4,20.0,2.0,13.0,2.0,0.4067796610169492,1.1463110667996013,2.0,0.0,0.0,,0.0,1.0,15.0,0.0,5.0,0.0,2.0,0.0,13.0,59.0,2.0,8.0,0.0,0.0,0.0,0.0,0.0,0.0,0.0,0.0,2.0,0.0,0.0,10.0,1.0,0.0,16.0,14.0,14.0,24.0,0.0,0.0,1.0,0.0,1.0,0.0,0.0,0.0,2.333,0.0,15.75,inf,0.0,0.0,0.0,2.0,0.0,1.0,0.0,0.4852941176470588,0.0,1.0,7.0,68.0,20.0,0.0,0.0,34.0,0.0,2.0,0.0,0.0,2.0,0.0,0.0,0.0,0.0,0.0,0.6610169491525424,11.0,0.0,0.0,0.0,39.0,0.0,7.0,0.0,0.0,0.0,0.0,9.0
2025-04-06,Jax Mannequin,458.l.9833.t.2,4.0,2.0,5.0,0.0,0.1509433962264151,0.526024723487313,9.0,4.319999999999999,1.44,3.0,0.0,0.0,4.0,6.0,2.0,2.0,0.0,0.0,17.0,53.0,5.0,5.0,24.3,3.0,0.0,1.0,0.0,0.0,0.0,0.0,2.0,0.0,4.0,10.0,1.0,1.0,18.0,13.0,14.0,8.0,72.9,9.0,0.0,1.0,0.0,1.0,0.0,1.0,8.334,0.0,52.2,inf,1.0,0.0,0.0,0.0,-1.0,-1.0,-1.0,0.2241379310344827,1.972,0.0,25.0,58.0,145.0,0.0,0.0,37.0,6.0,4.0,1.0,0.0,0.0,2.0,0.0,0.0,0.0,1.0,0.3018867924528302,11.0,0.0,0.0,1.0,16.0,14.0,38.0,0.0,0.0,0.0,0.0,4.0
2025-04-06,Rapist Witt,458.l.9833.t.3,7.0,1.0,6.0,2.0,0.25,0.6773255813953488,4.0,5.684210526315789,1.8947368421052635,1.0,0.0,1.0,7.0,5.0,2.0,3.0,0.0,0.0,4.0,40.0,3.0,2.0,7.2,4.0,0.0,0.0,0.0,0.0,1.0,0.0,1.0,1.0,4.0,6.75,0.0,0.0,12.0,9.0,10.0,10.0,39.6,8.0,1.0,2.0,1.0,0.0,1.0,0.0,6.333,0.0,14.4,inf,2.0,0.0,0.0,1.0,0.0,1.0,-2.0,0.3023255813953488,1.0,0.0,19.0,43.0,115.0,0.0,0.0,18.0,5.0,2.0,1.0,0.0,1.5,1.0,0.0,0.0,0.0,0.0,0.375,8.0,0.0,0.0,0.0,15.0,11.0,31.0,0.0,0.0,0.0,0.0,3.0
2025-04-06,Revisiting the Good Kikuchi,458.l.9833.t.8,3.0,1.0,7.0,2.0,0.325,0.8470930232558139,8.0,11.739130434782608,2.217391304347826,1.6,0.0,1.0,9.0,7.0,3.0,3.0,0.0,1.0,9.0,40.0,5.0,1.0,inf,5.0,0.0,2.0,0.0,0.0,0.0,0.0,4.0,1.0,10.0,7.8,0.0,0.0,15.0,10.0,11.0,13.0,inf,12.0,2.0,0.0,0.0,1.0,1.0,0.0,7.667,0.0,33.3,inf,0.0,0.0,0.0,2.0,-1.0,-1.0,1.0,0.3720930232558139,2.635,0.0,23.0,43.0,174.0,0.0,0.0,41.0,10.0,4.0,0.0,0.0,1.0,1.0,0.0,0.0,0.0,0.0,0.475,5.0,1.0,1.0,3.0,19.0,20.0,40.0,0.0,1.0,1.0,0.0,4.0
2025-04-06,TP for my Jung Ho,458.l.9833.t.5,5.0,2.0,4.0,3.0,0.2903225806451613,0.9050179211469532,15.0,7.7142857142857135,1.607142857142857,3.75,0.0,0.0,6.0,7.0,1.0,2.0,0.0,0.0,4.0,31.0,3.0,5.0,17.79,4.0,0.0,0.0,0.0,0.0,0.0,0.0,1.0,0.0,8.0,7.0,0.0,0.0,12.0,9.0,11.0,9.0,36.53,11.0,0.0,1.0,0.0,2.0,1.0,0.0,9.334,0.0,43.99,inf,0.0,0.0,0.0,3.0,0.0,0.0,1.0,0.3888888888888889,0.935,1.0,28.0,36.0,179.0,0.0,0.0,21.0,8.0,1.0,0.0,1.0,3.0,0.0,0.0,0.0,0.0,0.0,0.5161290322580645,9.0,0.0,0.0,0.0,16.0,19.0,44.0,0.0,1.0,1.0,0.0,3.0
2025-04-06,Unenthusiastic Handjobs,458.l.9833.t.7,9.0,1.0,5.0,1.0,0.1702127659574468,0.5493230174081238,9.0,2.16,1.2,4.5,0.0,3.0,5.0,8.0,2.0,0.0,0.0,0.0,6.0,47.0,4.0,7.0,3.38,2.0,0.0,0.0,0.0,0.0,0.0,0.0,1.0,2.0,2.0,9.584,1.0,3.0,17.0,13.0,13.0,8.0,28.130000000000003,8.0,0.0,3.0,1.0,0.0,1.0,0.0,8.333,0.0,37.13,inf,1.0,0.0,0.0,1.0,2.0,3.0,-1.0,0.2727272727272727,1.291,0.0,25.0,55.0,135.0,0.0,0.0,24.0,2.0,3.0,0.0,0.0,1.0,0.0,1.0,0.0,0.0,0.0,0.2765957446808511,14.0,2.0,2.0,2.0,13.0,8.0,35.0,0.0,0.0,0.0,0.0,3.0
2025-04-06,Woo Tang Clan,458.l.9833.t.9,8.0,2.0,9.0,1.0,0.2926829268292683,0.922677737415672,5.0,4.5,2.5,0.8333333333333334,0.0,0.0,5.0,3.0,5.0,1.0,0.0,0.0,11.0,41.0,4.0,3.0,54.0,6.0,0.0,1.0,0.0,0.0,0.0,0.0,1.0,0.0,2.0,8.0,0.0,0.0,16.0,12.0,10.0,12.0,36.0,4.0,2.0,0.0,0.0,0.0,1.0,0.0,4.0,0.0,45.0,inf,1.0,0.0,0.0,1.0,-1.0,-1.0,0.0,0.3617021276595745,1.675,0.0,12.0,47.0,88.0,0.0,0.0,31.0,3.0,4.0,1.0,1.0,1.0,1.0,1.0,0.0,0.0,0.0,0.5609756097560976,13.0,0.0,0.0,1.0,23.0,5.0,22.0,0.0,1.0,1.0,0.0,7.0
2025-04-07,Afternoon Wood,458.l.9833.t.6,4.0,2.0,5.0,1.0,0.35,1.25,6.0,5.1923076923076925,1.6153846153846154,1.2,0.0,2.0,4.0,6.0,0.0,2.0,1.0,0.0,5.0,20.0,5.0,6.0,16.71,5.0,0.0,0.0,0.0,0.0,0.0,0.0,0.0,0.0,5.0,4.0,0.0,2.0,11.0,6.0,7.0,7.0,31.5,9.0,0.0,0.0,2.0,1.0,1.0,0.0,8.667,0.0,39.86,inf,1.0,0.0,0.0,1.0,0.0,2.0,-1.0,0.5,1.457,0.0,26.0,26.0,158.0,0.0,0.0,6.0,5.0,4.0,0.0,0.0,1.0,1.0,0.0,0.0,0.0,0.0,0.75,4.0,0.0,0.0,0.0,15.0,14.0,36.0,0.0,0.0,0.0,0.0,3.0
2025-04-07,Agustin and Everything After,458.l.9833.t.1,5.0,2.0,3.0,2.0,0.225,0.6704545454545454,7.0,5.4,1.05,3.5,1.0,1.0,7.0,3.0,0.0,0.0,0.0,1.0,8.0,40.0,3.0,4.0,28.5,2.0,0.0,0.0,0.0,0.0,1.0,0.0,3.0,0.0,4.0,11.0,0.0,1.0,14.0,11.0,12.0,9.0,7.5,5.0,0.0,1.0,0.0,1.0,1.0,0.0,6.666,0.0,10.5,7.0,1.0,0.0,0.0,1.0,1.0,1.0,0.0,0.2954545454545454,0.928,0.0,20.0,44.0,116.0,0.0,0.0,31.0,4.0,2.0,1.0,0.0,2.0,0.0,0.0,0.0,0.0,0.0,0.375,12.0,1.0,1.0,1.0,15.0,10.0,27.0,0.0,1.0,1.0,0.0,2.0
2025-04-07,Chicken Brain,458.l.9833.t.10,2.0,0.0,3.0,1.0,0.1388888888888889,0.3617886178861789,0.0,0.0,0.0,,0.0,0.0,4.0,0.0,1.0,0.0,0.0,0.0,14.0,36.0,1.0,3.0,0.0,0.0,0.0,0.0,0.0,0.0,0.0,0.0,1.0,0.0,0.0,9.0,1.0,0.0,12.0,11.0,10.0,5.0,0.0,0.0,0.0,0.0,0.0,0.0,0.0,0.0,1.0,0.0,0.0,0.0,0.0,0.0,0.0,1.0,0.0,0.0,0.0,0.1951219512195122,0.0,0.0,3.0,41.0,11.0,0.0,0.0,31.0,0.0,1.0,0.0,0.0,1.0,0.0,0.0,2.0,0.0,0.0,0.1666666666666666,10.0,0.0,0.0,0.0,6.0,0.0,3.0,0.0,0.0,0.0,0.0,1.0
2025-04-07,InterNeto Explorer,458.l.9833.t.4,4.0,1.0,3.0,0.0,0.2571428571428571,0.7821428571428571,3.0,6.428571428571429,1.1428571428571428,,0.0,0.0,4.0,2.0,4.0,4.0,0.0,0.0,6.0,35.0,1.0,4.0,0.0,0.0,0.0,0.0,0.0,0.0,0.0,0.0,0.0,1.0,5.0,8.5,0.0,0.0,11.0,10.0,11.0,9.0,10.29,8.0,0.0,0.0,0.0,2.0,0.0,0.0,7.0,0.0,3.86,inf,1.0,0.0,0.0,0.0,0.0,0.0,-1.0,0.325,0.276,1.0,21.0,40.0,96.0,0.0,0.0,35.0,5.0,0.0,0.0,0.0,0.0,0.0,1.0,0.0,0.0,0.0,0.4571428571428571,8.0,0.0,0.0,0.0,16.0,18.0,29.0,0.0,0.0,0.0,0.0,5.0
2025-04-07,Jax Mannequin,458.l.9833.t.2,2.0,0.0,0.0,0.0,0.1333333333333333,0.3208333333333333,11.0,2.6341463414634148,1.170731707317073,2.75,1.0,1.0,4.0,9.0,0.0,1.0,0.0,0.0,9.0,30.0,3.0,2.0,5.75,4.0,0.0,0.0,0.0,0.0,0.0,0.0,5.0,0.0,4.0,6.0,1.0,1.0,11.0,8.0,10.0,4.0,25.57,12.0,0.0,0.0,1.0,2.0,0.0,0.0,13.667,0.0,22.47,inf,0.0,0.0,0.0,0.0,0.0,1.0,2.0,0.1875,0.8200000000000001,0.0,41.0,32.0,202.0,0.0,0.0,21.0,4.0,1.0,0.0,0.0,0.0,0.0,0.0,0.0,0.0,0.0,0.1333333333333333,14.0,0.0,0.0,0.0,4.0,19.0,56.0,0.0,2.0,2.0,0.0,0.0
2025-04-07,Rapist Witt,458.l.9833.t.3,7.0,2.0,9.0,3.0,0.2105263157894736,0.7847953216374268,16.0,3.5660377358490565,0.9056603773584904,2.0,1.0,0.0,2.0,6.0,4.0,0.0,0.0,0.0,17.0,38.0,3.0,6.0,12.18,8.0,0.0,0.0,0.0,0.0,0.0,0.0,2.0,2.0,7.0,10.467,1.0,0.0,14.0,11.0,14.0,8.0,12.09,8.0,0.0,0.0,0.0,2.0,0.0,0.0,17.667,0.0,24.62,6.5,2.0,0.0,0.0,3.0,0.0,0.0,-2.0,0.3111111111111111,0.663,0.0,53.0,45.0,288.0,0.0,1.0,27.0,10.0,0.0,0.0,0.0,2.0,2.0,1.0,0.0,0.0,0.0,0.4736842105263157,5.0,0.0,0.0,0.0,18.0,14.0,71.0,0.0,0.0,0.0,1.0,6.0
2025-04-07,Revisiting the Good Kikuchi,458.l.9833.t.8,5.0,0.0,2.0,0.0,0.2580645161290322,0.5725806451612903,12.0,2.918918918918919,1.7837837837837838,1.7142857142857142,0.0,1.0,6.0,10.0,2.0,4.0,0.0,0.0,6.0,31.0,3.0,0.0,15.35,7.0,0.0,0.0,0.0,0.0,0.0,0.0,4.0,2.0,4.0,5.75,1.0,2.0,11.0,8.0,10.0,8.0,32.510000000000005,15.0,0.0,0.0,0.0,1.0,0.0,0.0,12.334,1.0,27.53,5.5,1.0,0.0,0.0,0.0,1.0,1.0,0.0,0.25,1.172,0.0,37.0,32.0,216.0,0.0,0.0,25.0,4.0,1.0,0.0,0.0,0.0,1.0,1.0,0.0,0.0,0.0,0.3225806451612903,4.0,1.0,1.0,1.0,10.0,22.0,55.0,0.0,1.0,1.0,0.0,2.0
2025-04-07,TP for my Jung Ho,458.l.9833.t.5,3.0,1.0,5.0,0.0,0.2424242424242424,0.7485667485667487,10.0,0.0,0.5714285714285714,,1.0,0.0,5.0,4.0,1.0,0.0,1.0,0.0,6.0,33.0,1.0,4.0,0.0,0.0,0.0,0.0,0.0,0.0,0.0,0.0,2.0,0.0,0.0,7.0,1.0,0.0,10.0,9.0,10.0,8.0,5.14,4.0,0.0,0.0,0.0,0.0,0.0,0.0,7.0,0.0,12.86,inf,0.0,0.0,0.0,0.0,0.0,0.0,0.0,0.3243243243243243,0.167,0.0,21.0,37.0,97.0,0.0,0.0,38.0,0.0,0.0,0.0,0.0,0.0,0.0,0.0,0.0,0.0,0.0,0.4242424242424242,6.0,0.0,0.0,0.0,14.0,4.0,24.0,0.0,0.0,0.0,0.0,3.0
2025-04-07,Unenthusiastic Handjobs,458.l.9833.t.7,6.0,1.0,3.0,2.0,0.2894736842105263,0.7781954887218046,11.0,0.0,0.6666666666666666,3.6666666666666665,1.0,2.0,8.0,3.0,2.0,2.0,0.0,0.0,11.0,38.0,5.0,4.0,55.04,3.0,0.0,0.0,0.0,0.0,0.0,0.0,1.0,0.0,0.0,8.0,1.0,1.0,15.0,10.0,11.0,11.0,31.15,5.0,0.0,0.0,0.0,0.0,0.0,1.0,12.0,2.0,61.27,inf,0.0,0.0,0.0,2.0,2.0,2.0,1.0,0.3571428571428571,0.911,0.0,36.0,42.0,150.0,0.0,0.0,14.0,0.0,4.0,0.0,0.0,1.0,1.0,0.0,0.0,0.0,0.0,0.4210526315789473,8.0,2.0,2.0,2.0,16.0,7.0,44.0,0.0,1.0,1.0,1.0,3.0
2025-04-07,Woo Tang Clan,458.l.9833.t.9,3.0,0.0,5.0,3.0,0.2631578947368421,0.6794258373205742,6.0,3.176470588235294,0.9705882352941176,3.0,1.0,0.0,8.0,5.0,2.0,3.0,0.0,1.0,11.0,38.0,3.0,5.0,3.86,2.0,0.0,1.0,0.0,0.0,0.0,0.0,3.0,0.0,4.0,10.0,1.0,1.0,14.0,11.0,13.0,10.0,27.21,9.0,1.0,3.0,0.0,0.0,0.0,0.0,11.334,2.0,22.71,inf,1.0,0.0,0.0,3.0,-1.0,-1.0,0.0,0.3636363636363636,0.914,0.0,34.0,44.0,175.0,0.0,0.0,47.0,4.0,1.0,0.0,0.0,3.0,5.0,0.0,0.0,0.0,0.0,0.3157894736842105,5.0,0.0,0.0,1.0,12.0,14.0,48.0,0.0,1.0,1.0,0.0,2.0
2025-04-08,Afternoon Wood,458.l.9833.t.6,11.0,3.0,9.0,2.0,0.3863636363636363,1.1206293706293706,24.0,2.109375,1.125,8.0,1.0,0.0,11.0,16.0,3.0,3.0,0.0,1.0,14.0,44.0,5.0,7.0,5.53,3.0,0.0,0.0,0.0,0.0,0.0,0.0,2.0,0.0,5.0,6.0,0.0,0.0,16.0,11.0,15.0,17.0,38.15,21.0,0.0,0.0,0.0,1.0,1.0,0.0,21.334,0.0,50.010000000000005,inf,0.0,0.0,0.0,2.0,0.0,0.0,1.0,0.4615384615384615,1.117,0.0,64.0,52.0,366.0,0.0,0.0,13.0,6.0,1.0,0.0,0.0,2.0,4.0,1.0,0.0,0.0,0.0,0.6590909090909091,10.0,0.0,0.0,0.0,29.0,29.0,88.0,0.0,1.0,1.0,0.0,6.0
2025-04-08,Agustin and Everything After,458.l.9833.t.1,5.0,2.0,4.0,1.0,0.2162162162162162,0.7233285917496444,12.0,4.7368421052631575,1.3157894736842106,2.0,2.0,1.0,3.0,12.0,2.0,5.0,1.0,0.0,5.0,37.0,5.0,1.0,24.9,6.0,1.0,0.0,0.0,0.0,0.0,0.0,3.0,0.0,10.0,8.0,0.0,2.0,15.0,10.0,13.0,8.0,38.4,19.0,0.0,1.0,0.0,2.0,0.0,0.0,19.0,0.0,26.7,inf,3.0,0.0,0.0,1.0,1.0,1.0,-2.0,0.2368421052631578,1.734,0.0,57.0,38.0,291.0,0.0,0.0,26.0,10.0,2.0,1.0,0.0,1.0,3.0,0.0,0.0,0.0,0.0,0.4864864864864865,11.0,1.0,1.0,1.0,18.0,30.0,81.0,0.0,1.0,1.0,1.0,5.0
2025-04-08,Chicken Brain,458.l.9833.t.10,4.0,2.0,8.0,1.0,0.2105263157894736,0.7001223990208079,12.0,6.0,1.6666666666666667,3.0,0.0,0.0,4.0,5.0,2.0,1.0,0.0,0.0,19.0,38.0,2.0,4.0,18.56,4.0,0.0,0.0,0.0,0.0,0.0,0.0,4.0,1.0,4.0,7.667,1.0,0.0,12.0,10.0,11.0,8.0,21.94,6.0,0.0,0.0,0.0,0.0,0.0,1.0,6.0,0.0,43.88,5.33,1.0,0.0,0.0,1.0,0.0,0.0,0.0,0.2790697674418604,0.681,0.0,18.0,43.0,108.0,0.0,0.0,21.0,8.0,1.0,1.0,0.0,1.0,2.0,1.0,0.0,0.0,0.0,0.4210526315789473,15.0,0.0,0.0,0.0,16.0,7.0,29.0,0.0,1.0,1.0,0.0,4.0
2025-04-08,InterNeto Explorer,458.l.9833.t.4,6.0,2.0,3.0,0.0,0.2307692307692307,0.7027972027972028,6.0,10.565217391304348,1.826086956521739,,0.0,0.0,7.0,8.0,0.0,2.0,0.0,2.0,6.0,39.0,3.0,3.0,0.0,0.0,0.0,1.0,0.0,0.0,0.0,0.0,4.0,0.0,9.0,9.0,1.0,2.0,14.0,11.0,12.0,9.0,137.37,14.0,2.0,1.0,0.0,2.0,1.0,0.0,7.666,0.0,16.11,inf,2.0,0.0,0.0,0.0,-1.0,-1.0,-2.0,0.3181818181818182,1.533,0.0,23.0,44.0,132.0,0.0,0.0,26.0,9.0,2.0,1.0,0.0,0.0,1.0,0.0,0.0,0.0,0.0,0.3846153846153846,11.0,0.0,0.0,1.0,15.0,26.0,37.0,0.0,0.0,0.0,0.0,2.0
2025-04-08,Jax Mannequin,458.l.9833.t.2,3.0,1.0,6.0,1.0,0.2051282051282051,0.5942028985507246,21.0,5.142857142857143,1.5714285714285714,1.75,0.0,1.0,5.0,14.0,2.0,4.0,0.0,1.0,8.0,39.0,7.0,3.0,48.91,12.0,0.0,1.0,0.0,0.0,0.0,0.0,3.0,1.0,12.0,5.833,2.0,0.0,17.0,10.0,13.0,8.0,48.44,21.0,1.0,0.0,1.0,2.0,0.0,1.0,21.0,0.0,48.25,inf,3.0,0.0,0.0,1.0,-1.0,0.0,-3.0,0.2608695652173913,2.159,0.0,63.0,46.0,385.0,0.0,0.0,32.0,16.0,4.0,1.0,0.0,1.0,2.0,2.0,1.0,0.0,0.0,0.3333333333333333,6.0,0.0,0.0,1.0,13.0,33.0,99.0,0.0,0.0,0.0,1.0,3.0
2025-04-08,Rapist Witt,458.l.9833.t.3,5.0,1.0,3.0,2.0,0.25,0.6931818181818181,4.0,3.857142857142857,1.4285714285714286,1.3333333333333333,1.0,1.0,7.0,5.0,2.0,1.0,0.0,0.0,13.0,40.0,2.0,4.0,12.0,3.0,0.0,0.0,0.0,0.0,0.0,0.0,5.0,0.0,3.0,10.0,1.0,0.0,13.0,11.0,11.0,10.0,10.5,7.0,0.0,0.0,0.0,1.0,1.0,0.0,7.0,0.0,6.0,2.0,0.0,0.0,0.0,2.0,1.0,1.0,1.0,0.3181818181818182,0.571,0.0,21.0,44.0,118.0,0.0,0.0,28.0,4.0,1.0,0.0,0.0,2.0,0.0,0.0,0.0,0.0,0.0,0.375,10.0,1.0,1.0,1.0,15.0,11.0,32.0,0.0,1.0,1.0,0.0,3.0
2025-04-08,Revisiting the Good Kikuchi,458.l.9833.t.8,4.0,1.0,10.0,0.0,0.3142857142857143,0.8703296703296703,34.0,1.7763157894736843,0.868421052631579,4.25,3.0,0.0,7.0,7.0,3.0,4.0,0.0,1.0,8.0,35.0,5.0,3.0,12.04,8.0,0.0,1.0,0.0,0.0,1.0,0.0,0.0,1.0,5.0,6.75,0.0,0.0,15.0,10.0,13.0,11.0,31.76,14.0,1.0,2.0,0.0,2.0,0.0,0.0,25.333,0.0,67.26,inf,0.0,0.0,0.0,-1.0,-1.0,-1.0,2.0,0.3846153846153846,1.268,0.0,76.0,39.0,393.0,0.0,0.0,14.0,5.0,1.0,0.0,1.0,0.0,5.0,0.0,0.0,0.0,0.0,0.4857142857142857,10.0,0.0,0.0,1.0,17.0,26.0,100.0,0.0,2.0,2.0,1.0,4.0
2025-04-08,TP for my Jung Ho,458.l.9833.t.5,3.0,0.0,2.0,0.0,0.0909090909090909,0.4069264069264069,10.0,11.571428571428571,1.7142857142857142,3.333333333333333,0.0,0.0,2.0,6.0,1.0,3.0,0.0,0.0,3.0,33.0,3.0,8.0,6.75,3.0,0.0,0.0,0.0,0.0,0.0,0.0,2.0,0.0,9.0,8.0,2.0,1.0,14.0,11.0,11.0,3.0,20.25,9.0,1.0,0.0,0.0,0.0,0.0,0.0,7.0,0.0,45.0,inf,1.0,0.0,0.0,0.0,0.0,0.0,0.0,0.2857142857142857,0.522,0.0,21.0,42.0,109.0,0.0,0.0,27.0,9.0,2.0,0.0,1.0,0.0,1.0,0.0,0.0,0.0,0.0,0.1212121212121212,10.0,0.0,0.0,0.0,4.0,12.0,33.0,0.0,1.0,1.0,0.0,1.0
2025-04-08,Unenthusiastic Handjobs,458.l.9833.t.7,5.0,1.0,7.0,1.0,0.1860465116279069,0.6578073089700996,1.0,0.0,1.0,,0.0,0.0,3.0,1.0,3.0,0.0,1.0,0.0,7.0,43.0,1.0,6.0,0.0,0.0,0.0,0.0,0.0,0.0,1.0,0.0,4.0,1.0,0.0,7.833,0.0,0.0,12.0,11.0,11.0,8.0,9.0,1.0,0.0,0.0,0.0,0.0,1.0,0.0,1.0,0.0,9.0,inf,0.0,0.0,0.0,0.0,0.0,0.0,0.0,0.2857142857142857,0.25,0.0,3.0,49.0,9.0,0.0,0.0,30.0,0.0,1.0,0.0,0.0,1.0,1.0,0.0,0.0,0.0,0.0,0.3720930232558139,8.0,0.0,0.0,0.0,16.0,1.0,4.0,0.0,0.0,0.0,0.0,5.0
2025-04-08,Woo Tang Clan,458.l.9833.t.9,3.0,1.0,5.0,1.0,0.3076923076923077,0.7847346451997614,4.0,1.5,0.8333333333333334,,0.0,0.0,10.0,4.0,0.0,0.0,1.0,0.0,14.0,39.0,2.0,3.0,0.0,0.0,0.0,0.0,0.0,0.0,0.0,0.0,4.0,2.0,1.0,8.5,0.0,1.0,13.0,11.0,12.0,12.0,23.4,5.0,0.0,0.0,0.0,1.0,0.0,0.0,6.0,0.0,7.2,inf,0.0,0.0,0.0,1.0,0.0,0.0,1.0,0.3488372093023256,0.6759999999999999,0.0,18.0,43.0,85.0,0.0,0.0,26.0,1.0,1.0,0.0,0.0,1.0,0.0,0.0,1.0,0.0,0.0,0.4358974358974359,6.0,0.0,0.0,0.0,17.0,8.0,21.0,0.0,1.0,1.0,0.0,2.0
2025-04-09,Afternoon Wood,458.l.9833.t.6,11.0,5.0,7.0,2.0,0.4047619047619047,1.299719887955182,10.0,1.8,0.9,3.333333333333333,1.0,2.0,10.0,5.0,2.0,0.0,0.0,0.0,9.0,42.0,4.0,8.0,11.84,3.0,0.0,0.0,0.0,0.0,0.0,0.0,2.0,0.0,2.0,8.0,1.0,1.0,15.0,11.0,12.0,17.0,28.04,6.0,0.0,0.0,2.0,1.0,0.0,0.0,10.0,0.0,52.48,inf,1.0,0.0,0.0,2.0,0.0,2.0,0.0,0.4901960784313725,1.057,0.0,30.0,51.0,150.0,0.0,0.0,29.0,2.0,3.0,1.0,0.0,2.0,1.0,1.0,0.0,0.0,0.0,0.8095238095238095,10.0,0.0,0.0,0.0,34.0,9.0,38.0,0.0,1.0,1.0,1.0,7.0
2025-04-09,Agustin and Everything After,458.l.9833.t.1,7.0,2.0,11.0,0.0,0.225,0.7227272727272727,7.0,2.7,1.65,2.333333333333333,0.0,1.0,4.0,6.0,3.0,0.0,0.0,0.0,5.0,40.0,3.0,3.0,6.75,3.0,0.0,1.0,0.0,0.0,0.0,0.0,2.0,1.0,2.0,8.75,1.0,0.0,14.0,11.0,12.0,9.0,27.9,8.0,0.0,0.0,1.0,2.0,0.0,0.0,6.667,0.0,15.75,2.33,1.0,0.0,0.0,0.0,-1.0,0.0,-1.0,0.2727272727272727,0.826,0.0,20.0,44.0,115.0,0.0,0.0,31.0,4.0,2.0,0.0,0.0,0.0,0.0,1.0,0.0,0.0,0.0,0.45,12.0,0.0,0.0,1.0,18.0,14.0,32.0,0.0,0.0,0.0,0.0,5.0
2025-04-09,Chicken Brain,458.l.9833.t.10,5.0,0.0,2.0,0.0,0.0975609756097561,0.3506775067750677,11.0,10.0,2.0,1.375,0.0,1.0,1.0,6.0,2.0,3.0,1.0,0.0,15.0,41.0,3.0,3.0,29.19,8.0,0.0,0.0,0.0,0.0,0.0,0.0,1.0,1.0,10.0,8.8,1.0,0.0,14.0,11.0,13.0,4.0,32.370000000000005,10.0,0.0,0.0,0.0,1.0,0.0,0.0,9.0,0.0,22.0,3.5,0.0,0.0,0.0,0.0,1.0,1.0,0.0,0.1555555555555555,1.241,0.0,27.0,45.0,177.0,0.0,0.0,38.0,11.0,1.0,0.0,0.0,0.0,2.0,1.0,0.0,0.0,0.0,0.1951219512195122,10.0,1.0,1.0,1.0,8.0,16.0,46.0,0.0,0.0,0.0,0.0,3.0
2025-04-09,InterNeto Explorer,458.l.9833.t.4,9.0,1.0,4.0,1.0,0.3023255813953488,0.8881932021466905,24.0,1.4025974025974026,0.8961038961038961,3.0,2.0,1.0,9.0,9.0,2.0,5.0,1.0,0.0,8.0,43.0,5.0,7.0,19.79,8.0,0.0,0.0,0.0,0.0,0.0,0.0,4.0,0.0,4.0,9.0,1.0,1.0,16.0,11.0,15.0,13.0,21.97,15.0,2.0,0.0,0.0,1.0,1.0,0.0,25.666,0.0,43.55,inf,1.0,0.0,0.0,1.0,1.0,1.0,-1.0,0.4230769230769231,1.168,1.0,77.0,52.0,405.0,0.0,0.0,35.0,4.0,1.0,0.0,0.0,1.0,1.0,0.0,0.0,0.0,0.0,0.4651162790697674,11.0,1.0,1.0,1.0,20.0,23.0,98.0,0.0,0.0,0.0,0.0,4.0
2025-04-09,Jax Mannequin,458.l.9833.t.2,3.0,2.0,3.0,0.0,0.2,0.6,21.0,1.2857142857142858,0.8095238095238095,7.0,2.0,2.0,6.0,8.0,0.0,2.0,0.0,1.0,5.0,40.0,5.0,3.0,5.4,3.0,0.0,0.0,0.0,0.0,0.0,0.0,0.0,0.0,3.0,9.0,0.0,0.0,15.0,10.0,13.0,8.0,28.8,14.0,0.0,0.0,2.0,3.0,1.0,0.0,21.0,0.0,37.28,inf,0.0,0.0,0.0,0.0,0.0,2.0,3.0,0.25,0.908,1.0,63.0,44.0,293.0,0.0,0.0,29.0,3.0,2.0,0.0,0.0,0.0,0.0,1.0,0.0,0.0,0.0,0.35,9.0,0.0,0.0,0.0,14.0,27.0,79.0,0.0,3.0,3.0,0.0,2.0
2025-04-09,Rapist Witt,458.l.9833.t.3,4.0,0.0,5.0,1.0,0.3055555555555556,0.8055555555555556,17.0,3.085714285714286,0.8571428571428572,5.666666666666667,1.0,1.0,9.0,4.0,2.0,2.0,0.0,0.0,11.0,36.0,5.0,9.0,36.0,3.0,0.0,0.0,0.0,0.0,0.0,0.0,3.0,0.0,4.0,7.0,1.0,1.0,16.0,11.0,11.0,11.0,40.5,7.0,0.0,0.0,1.0,1.0,0.0,0.0,11.667,0.0,83.25,inf,1.0,0.0,0.0,1.0,0.0,1.0,-1.0,0.4444444444444444,1.315,0.0,35.0,45.0,166.0,0.0,0.0,19.0,5.0,4.0,1.0,0.0,1.0,1.0,0.0,0.0,0.0,0.0,0.3611111111111111,5.0,0.0,0.0,0.0,13.0,12.0,44.0,0.0,0.0,0.0,1.0,2.0
2025-04-09,Revisiting the Good Kikuchi,458.l.9833.t.8,5.0,2.0,6.0,1.0,0.1395348837209302,0.5423255813953488,2.0,0.0,0.7142857142857143,0.4,1.0,0.0,3.0,0.0,1.0,0.0,0.0,0.0,5.0,43.0,2.0,6.0,15.0,5.0,1.0,0.0,0.0,0.0,0.0,0.0,1.0,1.0,0.0,7.0,0.0,2.0,13.0,11.0,12.0,6.0,0.0,0.0,0.0,0.0,0.0,0.0,1.0,1.0,7.0,0.0,3.0,0.5,0.0,0.0,0.0,1.0,0.0,0.0,0.0,0.24,0.45,0.0,21.0,50.0,100.0,0.0,0.0,22.0,1.0,1.0,0.0,0.0,1.0,0.0,1.0,0.0,0.0,0.0,0.3023255813953488,13.0,0.0,0.0,0.0,13.0,0.0,24.0,0.0,0.0,0.0,0.0,3.0
2025-04-09,TP for my Jung Ho,458.l.9833.t.5,2.0,1.0,3.0,2.0,0.1666666666666666,0.5290697674418605,3.0,4.5,2.0,3.0,0.0,1.0,5.0,3.0,0.0,0.0,0.0,0.0,4.0,36.0,2.0,6.0,9.0,1.0,0.0,0.0,0.0,0.0,0.0,0.0,2.0,0.0,1.0,6.0,1.0,0.0,12.0,10.0,10.0,6.0,27.0,3.0,0.0,0.0,0.0,0.0,0.0,0.0,2.0,0.0,27.0,inf,0.0,0.0,0.0,2.0,1.0,1.0,0.0,0.2790697674418604,0.667,0.0,6.0,43.0,34.0,0.0,0.0,26.0,1.0,2.0,0.0,0.0,2.0,0.0,1.0,0.0,0.0,0.0,0.25,5.0,1.0,1.0,1.0,9.0,3.0,9.0,0.0,0.0,0.0,0.0,1.0
2025-04-09,Unenthusiastic Handjobs,458.l.9833.t.7,2.0,0.0,1.0,1.0,0.1463414634146341,0.3854718981972428,17.0,4.21875,1.3125,1.7,1.0,1.0,6.0,12.0,0.0,3.0,0.0,0.0,11.0,41.0,7.0,5.0,50.06,10.0,0.0,0.0,0.0,0.0,0.0,0.0,2.0,2.0,10.0,9.5,0.0,4.0,18.0,11.0,14.0,6.0,53.54,18.0,0.0,1.0,0.0,3.0,0.0,2.0,21.334,0.0,43.73,inf,2.0,0.0,0.0,1.0,1.0,1.0,1.0,0.2391304347826087,2.168,0.0,64.0,46.0,343.0,0.0,1.0,36.0,10.0,4.0,0.0,2.0,1.0,0.0,0.0,0.0,0.0,0.0,0.1463414634146341,8.0,1.0,1.0,1.0,6.0,30.0,86.0,0.0,3.0,3.0,2.0,0.0
2025-04-09,Woo Tang Clan,458.l.9833.t.9,4.0,1.0,4.0,0.0,0.1914893617021276,0.5591489361702128,10.0,12.6,2.4,1.25,0.0,0.0,5.0,10.0,3.0,3.0,0.0,0.0,6.0,47.0,5.0,3.0,50.08,8.0,0.0,1.0,0.0,0.0,0.0,0.0,2.0,1.0,14.0,8.5,1.0,0.0,16.0,11.0,13.0,9.0,84.12,16.0,0.0,0.0,0.0,3.0,0.0,1.0,10.0,0.0,45.23,inf,3.0,0.0,0.0,0.0,-1.0,-1.0,-3.0,0.24,2.222,0.0,30.0,50.0,211.0,0.0,0.0,34.0,15.0,3.0,1.0,0.0,0.0,1.0,0.0,0.0,0.0,0.0,0.3191489361702128,10.0,0.0,0.0,1.0,15.0,28.0,54.0,0.0,0.0,0.0,1.0,4.0
2025-04-10,Afternoon Wood,458.l.9833.t.6,4.0,1.0,3.0,1.0,0.2692307692307692,0.8939393939393939,4.0,1.2857142857142858,0.8571428571428571,4.0,1.0,1.0,3.0,4.0,3.0,1.0,0.0,0.0,12.0,26.0,2.0,6.0,1.5,1.0,0.0,0.0,0.0,1.0,0.0,0.0,6.0,0.0,1.0,6.0,0.0,1.0,9.0,7.0,8.0,7.0,7.5,5.0,0.0,0.0,1.0,0.0,2.0,0.0,7.0,0.0,6.0,4.0,0.0,0.0,0.0,1.0,0.0,1.0,0.0,0.3939393939393939,0.25,0.0,21.0,33.0,85.0,0.0,0.0,14.0,1.0,1.0,0.0,0.0,1.0,1.0,0.0,0.0,0.0,0.0,0.5,8.0,0.0,0.0,0.0,13.0,6.0,27.0,0.0,0.0,0.0,0.0,4.0
2025-04-10,Agustin and Everything After,458.l.9833.t.1,2.0,0.0,2.0,0.0,0.3,0.7636363636363637,7.0,1.8,1.0,3.5,0.0,0.0,4.0,3.0,2.0,0.0,0.0,0.0,2.0,20.0,1.0,2.0,3.6,2.0,0.0,0.0,0.0,0.0,1.0,0.0,1.0,0.0,1.0,6.0,2.0,0.0,7.0,6.0,6.0,6.0,5.4,3.0,0.0,0.0,0.0,0.0,0.0,0.0,5.0,0.0,12.6,3.5,0.0,0.0,0.0,-1.0,0.0,0.0,1.0,0.3636363636363636,0.263,0.0,15.0,22.0,94.0,0.0,0.0,13.0,1.0,0.0,0.0,0.0,0.0,0.0,0.0,0.0,0.0,0.0,0.4,4.0,0.0,0.0,0.0,8.0,3.0,19.0,0.0,1.0,1.0,2.0,2.0
2025-04-10,Chicken Brain,458.l.9833.t.10,3.0,2.0,5.0,0.0,0.3225806451612903,0.9243951612903226,0.0,,,,0.0,0.0,6.0,0.0,2.0,0.0,0.0,0.0,7.0,31.0,0.0,0.0,0.0,0.0,0.0,0.0,0.0,0.0,0.0,0.0,3.0,1.0,0.0,5.667,0.0,0.0,7.0,7.0,7.0,10.0,0.0,0.0,1.0,0.0,0.0,0.0,0.0,0.0,0.0,0.0,0.0,0.0,0.0,0.0,0.0,0.0,0.0,0.0,0.0,0.34375,0.0,0.0,0.0,32.0,0.0,0.0,0.0,25.0,0.0,0.0,0.0,0.0,0.0,0.0,0.0,0.0,0.0,0.0,0.5806451612903226,5.0,0.0,0.0,0.0,18.0,0.0,0.0,0.0,0.0,0.0,0.0,4.0
2025-04-10,InterNeto Explorer,458.l.9833.t.4,2.0,1.0,4.0,3.0,0.2058823529411764,0.5835913312693499,6.0,1.5,1.1666666666666667,6.0,1.0,0.0,6.0,4.0,0.0,2.0,0.0,0.0,5.0,34.0,1.0,4.0,1.5,1.0,0.0,0.0,0.0,0.0,1.0,0.0,3.0,2.0,1.0,7.357,1.0,1.0,10.0,9.0,9.0,7.0,9.0,6.0,0.0,0.0,0.0,0.0,1.0,0.0,6.0,0.0,9.0,6.0,0.0,0.0,0.0,2.0,0.0,0.0,0.0,0.2894736842105263,0.304,0.0,18.0,38.0,98.0,0.0,1.0,29.0,1.0,0.0,0.0,0.0,1.5,1.0,0.0,0.0,0.0,0.0,0.2941176470588235,11.0,0.0,0.0,0.0,10.0,8.0,23.0,0.0,0.0,0.0,0.0,1.0
2025-04-10,Jax Mannequin,458.l.9833.t.2,2.0,0.0,0.0,0.0,0.1304347826086956,0.3339130434782609,0.0,,,,0.0,0.0,2.0,0.0,1.0,0.0,0.0,0.0,4.0,23.0,0.0,1.0,0.0,0.0,0.0,0.0,0.0,0.0,1.0,0.0,1.0,0.0,0.0,4.0,1.0,0.0,6.0,6.0,6.0,3.0,0.0,0.0,0.0,0.0,0.0,0.0,0.0,0.0,0.0,0.0,0.0,0.0,0.0,0.0,0.0,-1.0,0.0,0.0,0.0,0.16,0.0,0.0,0.0,25.0,0.0,0.0,0.0,10.0,0.0,0.0,0.0,0.0,0.0,0.0,0.0,1.0,0.0,0.0,0.1739130434782608,11.0,0.0,0.0,0.0,4.0,0.0,0.0,0.0,0.0,0.0,0.0,1.0
2025-04-10,Rapist Witt,458.l.9833.t.3,2.0,0.0,2.0,1.0,0.25,0.6309523809523809,1.0,0.0,0.0,,0.0,0.0,1.0,0.0,2.0,0.0,0.0,0.0,4.0,12.0,1.0,0.0,0.0,0.0,0.0,0.0,0.0,0.0,0.0,0.0,0.0,0.0,0.0,3.0,1.0,0.0,4.0,3.0,3.0,3.0,0.0,0.0,0.0,0.0,0.0,0.0,0.0,0.0,1.0,0.0,9.0,inf,0.0,0.0,0.0,1.0,0.0,0.0,0.0,0.2142857142857142,0.0,0.0,3.0,14.0,17.0,0.0,0.0,5.0,0.0,1.0,0.0,0.0,1.0,0.0,2.0,0.0,0.0,0.0,0.4166666666666667,3.0,0.0,0.0,0.0,5.0,0.0,3.0,0.0,0.0,0.0,0.0,2.0
2025-04-10,Revisiting the Good Kikuchi,458.l.9833.t.8,6.0,2.0,5.0,0.0,0.25,0.7773255813953488,4.0,2.8421052631578947,0.9473684210526316,1.3333333333333333,0.0,0.0,5.0,0.0,3.0,2.0,0.0,0.0,14.0,40.0,2.0,3.0,5.06,3.0,0.0,0.0,0.0,0.0,0.0,0.0,3.0,0.0,2.0,8.0,2.0,0.0,12.0,10.0,11.0,10.0,5.06,3.0,0.0,0.0,0.0,1.0,1.0,0.0,6.333,0.0,6.75,1.33,0.0,0.0,0.0,0.0,0.0,0.0,0.0,0.3023255813953488,0.273,0.0,19.0,43.0,100.0,0.0,0.0,24.0,2.0,1.0,0.0,0.0,0.0,0.0,0.0,0.0,0.0,0.0,0.475,7.0,0.0,0.0,0.0,19.0,8.0,25.0,0.0,0.0,0.0,0.0,5.0
2025-04-10,TP for my Jung Ho,458.l.9833.t.5,3.0,3.0,5.0,1.0,0.3846153846153846,1.5054945054945057,0.0,,,,0.0,0.0,2.0,0.0,0.0,0.0,0.0,0.0,0.0,13.0,0.0,1.0,0.0,0.0,0.0,0.0,0.0,0.0,0.0,0.0,0.0,0.0,0.0,2.0,0.0,0.0,3.0,3.0,3.0,5.0,0.0,0.0,0.0,0.0,0.0,0.0,1.0,0.0,0.0,0.0,0.0,0.0,0.0,0.0,0.0,1.0,0.0,0.0,0.0,0.4285714285714285,0.0,0.0,0.0,14.0,0.0,0.0,0.0,16.0,0.0,0.0,0.0,0.0,1.0,0.0,0.0,0.0,0.0,0.0,1.0769230769230769,1.0,0.0,0.0,0.0,14.0,0.0,0.0,0.0,0.0,0.0,0.0,3.0
2025-04-10,Unenthusiastic Handjobs,458.l.9833.t.7,2.0,1.0,8.0,0.0,0.2857142857142857,0.7619047619047619,10.0,1.542857142857143,1.2857142857142858,3.333333333333333,1.0,0.0,4.0,10.0,1.0,1.0,0.0,0.0,6.0,21.0,2.0,0.0,4.59,3.0,0.0,0.0,0.0,0.0,0.0,0.0,2.0,0.0,2.0,3.0,2.0,3.0,7.0,5.0,7.0,6.0,18.44,12.0,0.0,0.0,0.0,1.0,0.0,1.0,11.667,0.0,15.44,7.5,0.0,0.0,0.0,0.0,0.0,0.0,0.0,0.2857142857142857,0.633,0.0,35.0,21.0,167.0,0.0,0.0,10.0,2.0,0.0,0.0,0.0,0.0,2.0,0.0,0.0,0.0,0.0,0.4761904761904761,3.0,0.0,0.0,0.0,10.0,16.0,47.0,0.0,0.0,0.0,0.0,2.0
2025-04-10,Woo Tang Clan,458.l.9833.t.9,1.0,1.0,1.0,0.0,0.2222222222222222,0.9191919191919192,2.0,0.0,1.0,,0.0,0.0,1.0,1.0,0.0,0.0,0.0,0.0,0.0,9.0,1.0,1.0,0.0,0.0,0.0,0.0,0.0,0.0,0.0,0.0,1.0,0.0,0.0,1.0,0.0,0.0,3.0,2.0,2.0,2.0,9.0,1.0,1.0,0.0,0.0,0.0,0.0,0.0,1.0,0.0,18.0,inf,0.0,0.0,0.0,0.0,0.0,0.0,0.0,0.3636363636363636,0.25,0.0,3.0,11.0,11.0,0.0,0.0,8.0,0.0,1.0,0.0,0.0,0.0,1.0,0.0,0.0,0.0,0.0,0.5555555555555556,1.0,0.0,0.0,0.0,5.0,1.0,4.0,0.0,0.0,0.0,0.0,1.0
2025-04-11,Afternoon Wood,458.l.9833.t.6,7.0,2.0,3.0,3.0,0.3235294117647059,0.969079939668175,7.0,5.90625,1.5,1.1666666666666667,0.0,1.0,7.0,10.0,2.0,0.0,0.0,0.0,11.0,34.0,3.0,5.0,11.19,6.0,0.0,0.0,0.0,0.0,0.0,0.0,3.0,0.0,7.0,5.0,0.0,1.0,13.0,10.0,12.0,11.0,26.1,10.0,0.0,0.0,1.0,0.0,0.0,0.0,10.667,0.0,19.93,inf,1.0,0.0,0.0,3.0,0.0,1.0,-1.0,0.4102564102564102,1.018,0.0,32.0,39.0,195.0,0.0,0.0,9.0,7.0,1.0,0.0,0.0,3.0,2.0,0.0,0.0,0.0,0.0,0.5588235294117647,7.0,0.0,0.0,0.0,19.0,10.0,46.0,0.0,0.0,0.0,0.0,4.0
2025-04-11,Agustin and Everything After,458.l.9833.t.1,6.0,0.0,0.0,1.0,0.05,0.2239130434782608,8.0,3.75,1.25,2.0,2.0,0.0,2.0,7.0,0.0,2.0,0.0,1.0,8.0,40.0,2.0,5.0,6.0,4.0,0.0,0.0,0.0,0.0,0.0,0.0,1.0,3.0,5.0,9.653,1.0,2.0,13.0,11.0,13.0,2.0,16.5,11.0,1.0,2.0,0.0,1.0,0.0,0.0,12.0,0.0,12.0,4.0,1.0,0.0,0.0,1.0,0.0,0.0,-1.0,0.1739130434782608,0.629,0.0,36.0,46.0,188.0,0.0,0.0,36.0,7.0,0.0,0.0,0.0,1.0,1.0,0.0,0.0,0.0,0.0,0.05,11.0,0.0,0.0,0.0,2.0,18.0,54.0,0.0,0.0,0.0,0.0,0.0
2025-04-11,Chicken Brain,458.l.9833.t.10,4.0,0.0,1.0,0.0,0.1470588235294117,0.5020519835841314,9.0,4.846153846153846,1.3846153846153846,2.25,0.0,1.0,4.0,10.0,1.0,1.0,0.0,0.0,7.0,34.0,4.0,8.0,7.71,4.0,0.0,0.0,0.0,0.0,0.0,0.0,2.0,1.0,7.0,7.75,1.0,1.0,15.0,11.0,13.0,5.0,32.79,14.0,1.0,0.0,1.0,3.0,0.0,0.0,13.0,0.0,20.46,inf,2.0,0.0,0.0,0.0,0.0,1.0,-2.0,0.3255813953488372,1.029,0.0,39.0,43.0,214.0,0.0,0.0,37.0,7.0,2.0,1.0,0.0,0.0,2.0,0.0,0.0,0.0,0.0,0.1764705882352941,11.0,0.0,0.0,0.0,6.0,24.0,55.0,0.0,0.0,0.0,0.0,1.0
2025-04-11,InterNeto Explorer,458.l.9833.t.4,6.0,0.0,3.0,1.0,0.28125,0.7221283783783784,24.0,1.4210526315789471,1.105263157894737,3.4285714285714284,2.0,1.0,7.0,9.0,2.0,5.0,0.0,0.0,7.0,32.0,4.0,4.0,11.49,7.0,0.0,0.0,0.0,0.0,0.0,0.0,2.0,1.0,3.0,9.75,0.0,0.0,15.0,11.0,14.0,9.0,29.36,14.0,1.0,0.0,0.0,0.0,0.0,0.0,19.0,0.0,35.96,15.25,1.0,0.0,0.0,1.0,1.0,1.0,1.0,0.3783783783783784,1.077,0.0,57.0,37.0,291.0,0.0,0.0,31.0,3.0,1.0,0.0,0.0,1.0,2.0,0.0,0.0,0.0,0.0,0.34375,11.0,1.0,1.0,1.0,11.0,19.0,77.0,0.0,2.0,2.0,1.0,2.0
2025-04-11,Jax Mannequin,458.l.9833.t.2,7.0,1.0,7.0,2.0,0.3255813953488372,0.8186046511627907,5.0,4.5,1.0,5.0,0.0,2.0,12.0,1.0,1.0,0.0,0.0,0.0,10.0,43.0,3.0,6.0,4.5,1.0,0.0,0.0,0.0,0.0,0.0,0.0,5.0,0.0,2.0,8.0,1.0,0.0,14.0,11.0,11.0,14.0,22.5,3.0,0.0,0.0,2.0,2.0,0.0,0.0,4.0,0.0,36.0,inf,0.0,0.0,0.0,2.0,0.0,2.0,0.0,0.4,0.65,0.0,12.0,50.0,55.0,0.0,0.0,33.0,2.0,3.0,0.0,0.0,1.0,0.0,1.0,0.0,0.0,1.0,0.4186046511627907,7.0,0.0,0.0,0.0,18.0,9.0,16.0,0.0,0.0,0.0,0.0,2.0
2025-04-11,Rapist Witt,458.l.9833.t.3,5.0,0.0,3.0,1.0,0.3,0.8324324324324325,12.0,2.25,0.6666666666666666,3.0,1.0,1.0,6.0,1.0,3.0,2.0,0.0,0.0,5.0,30.0,3.0,7.0,6.9,4.0,0.0,0.0,0.0,0.0,0.0,0.0,1.0,0.0,3.0,8.0,1.0,1.0,12.0,9.0,11.0,9.0,6.6,4.0,0.0,0.0,0.0,1.0,0.0,0.0,12.0,0.0,18.9,10.0,0.0,0.0,0.0,1.0,1.0,1.0,2.0,0.4324324324324324,0.413,0.0,36.0,37.0,207.0,0.0,0.0,24.0,3.0,1.0,0.0,0.0,1.0,0.0,0.0,0.0,0.0,0.0,0.4,1.0,1.0,1.0,1.0,12.0,9.0,42.0,0.0,2.0,2.0,0.0,3.0
2025-04-11,Revisiting the Good Kikuchi,458.l.9833.t.8,4.0,3.0,13.0,2.0,0.2647058823529412,0.9215686274509804,4.0,6.75,1.875,1.3333333333333333,0.0,1.0,4.0,6.0,2.0,1.0,0.0,0.0,9.0,34.0,2.0,3.0,6.23,3.0,0.0,0.0,0.0,0.0,0.0,0.0,2.0,2.0,4.0,8.334,0.0,1.0,12.0,10.0,11.0,9.0,21.46,7.0,2.0,1.0,0.0,0.0,0.0,0.0,5.333,0.0,15.23,inf,0.0,0.0,0.0,2.0,1.0,1.0,0.0,0.3333333333333333,0.7050000000000001,0.0,16.0,42.0,99.0,0.0,0.0,21.0,4.0,1.0,0.0,0.0,2.0,1.0,3.0,0.0,0.0,0.0,0.5882352941176471,7.0,1.0,1.0,1.0,20.0,8.0,26.0,0.0,0.0,0.0,0.0,5.0
2025-04-11,TP for my Jung Ho,458.l.9833.t.5,7.0,2.0,6.0,0.0,0.1428571428571428,0.7084942084942085,9.0,3.0,1.1666666666666667,4.5,0.0,0.0,2.0,2.0,0.0,2.0,0.0,0.0,3.0,28.0,2.0,8.0,10.8,2.0,0.0,0.0,0.0,0.0,0.0,0.0,0.0,0.0,2.0,6.0,0.0,1.0,11.0,9.0,10.0,4.0,9.0,5.0,1.0,0.0,0.0,1.0,0.0,0.0,6.0,0.0,30.6,9.0,0.0,0.0,0.0,0.0,0.0,0.0,1.0,0.3513513513513513,0.5660000000000001,0.0,18.0,37.0,104.0,0.0,0.0,22.0,2.0,1.0,0.0,0.0,0.0,0.0,0.0,0.0,0.0,0.0,0.3571428571428571,9.0,0.0,0.0,0.0,10.0,10.0,23.0,0.0,1.0,1.0,0.0,2.0
2025-04-11,Unenthusiastic Handjobs,458.l.9833.t.7,3.0,2.0,3.0,1.0,0.225,0.7704545454545455,2.0,9.0,2.0,1.0,0.0,2.0,4.0,1.0,2.0,1.0,1.0,0.0,7.0,40.0,2.0,4.0,18.0,2.0,0.0,0.0,0.0,0.0,0.0,0.0,3.0,2.0,2.0,5.6,1.0,1.0,12.0,10.0,10.0,9.0,18.0,2.0,0.0,0.0,0.0,0.0,0.0,0.0,2.0,0.0,18.0,inf,0.0,0.0,0.0,1.0,2.0,2.0,0.0,0.2954545454545454,0.833,0.0,6.0,44.0,38.0,0.0,0.0,15.0,2.0,2.0,0.0,0.0,1.0,0.0,0.0,0.0,0.0,0.0,0.475,13.0,2.0,2.0,2.0,19.0,3.0,9.0,0.0,0.0,0.0,1.0,5.0
2025-04-11,Woo Tang Clan,458.l.9833.t.9,5.0,1.0,1.0,1.0,0.1666666666666666,0.5182926829268293,4.0,5.4,1.6,1.0,0.0,1.0,5.0,2.0,0.0,0.0,0.0,0.0,6.0,36.0,2.0,5.0,9.0,4.0,0.0,0.0,0.0,0.0,0.0,0.0,0.0,1.0,3.0,7.857,1.0,0.0,13.0,11.0,12.0,6.0,15.75,4.0,0.0,0.0,0.0,2.0,0.0,0.0,5.0,0.0,9.0,1.0,0.0,0.0,0.0,1.0,1.0,1.0,0.0,0.2682926829268293,0.618,1.0,15.0,41.0,94.0,0.0,0.0,25.0,3.0,1.0,0.0,0.0,1.0,2.0,0.0,0.0,0.0,0.0,0.25,9.0,1.0,1.0,1.0,9.0,10.0,23.0,0.0,0.0,0.0,0.0,1.0
2025-04-12,Afternoon Wood,458.l.9833.t.6,4.0,1.0,2.0,2.0,0.2727272727272727,0.6827852998065764,3.0,3.5217391304347823,1.6956521739130437,1.5,0.0,2.0,10.0,8.0,1.0,2.0,0.0,0.0,12.0,44.0,4.0,3.0,3.86,2.0,0.0,0.0,0.0,0.0,0.0,0.0,11.0,0.0,3.0,7.0,2.0,3.0,15.0,11.0,12.0,12.0,42.43,11.0,0.0,0.0,2.0,1.0,0.0,0.0,7.667,1.0,27.0,inf,0.0,0.0,0.0,2.0,0.0,2.0,0.0,0.3191489361702128,1.309,0.0,23.0,47.0,115.0,0.0,0.0,21.0,3.0,3.0,0.0,0.0,2.0,1.0,0.0,0.0,0.0,0.0,0.3636363636363636,11.0,0.0,0.0,0.0,16.0,16.0,32.0,0.0,0.0,0.0,0.0,2.0
2025-04-12,Agustin and Everything After,458.l.9833.t.1,10.0,6.0,13.0,0.0,0.3055555555555556,1.1555555555555554,11.0,1.3170731707317074,0.5853658536585367,3.6666666666666665,1.0,2.0,5.0,3.0,0.0,0.0,0.0,0.0,4.0,36.0,4.0,3.0,4.68,3.0,0.0,0.0,0.0,0.0,0.0,0.0,1.0,0.0,2.0,7.0,1.0,1.0,14.0,10.0,12.0,11.0,7.76,5.0,0.0,0.0,2.0,2.0,0.0,0.0,13.667,0.0,34.37,inf,1.0,0.0,0.0,0.0,0.0,2.0,0.0,0.35,0.377,0.0,41.0,40.0,199.0,0.0,0.0,26.0,2.0,2.0,0.0,0.0,0.0,1.0,1.0,0.0,0.0,1.0,0.8055555555555556,9.0,0.0,0.0,0.0,29.0,11.0,48.0,0.0,1.0,1.0,0.0,6.0
2025-04-12,Chicken Brain,458.l.9833.t.10,4.0,2.0,3.0,0.0,0.2105263157894736,0.6447368421052632,2.0,5.4,1.65,0.3333333333333333,0.0,1.0,5.0,5.0,1.0,0.0,0.0,0.0,7.0,38.0,2.0,2.0,24.35,6.0,0.0,0.0,0.0,0.0,0.0,0.0,1.0,1.0,4.0,6.75,1.0,1.0,12.0,10.0,11.0,8.0,7.94,5.0,0.0,0.0,0.0,0.0,0.0,0.0,6.667,0.0,10.59,0.75,0.0,0.0,0.0,0.0,1.0,1.0,1.0,0.25,0.76,0.0,20.0,40.0,107.0,0.0,0.0,11.0,4.0,1.0,0.0,0.0,0.0,1.0,0.0,0.0,0.0,0.0,0.3947368421052631,13.0,1.0,1.0,1.0,15.0,5.0,30.0,0.0,1.0,1.0,0.0,3.0
2025-04-12,InterNeto Explorer,458.l.9833.t.4,2.0,0.0,5.0,3.0,0.282051282051282,0.7401709401709402,8.0,3.0,1.5,4.0,0.0,1.0,8.0,6.0,2.0,0.0,1.0,0.0,7.0,39.0,2.0,5.0,3.6,2.0,0.0,0.0,0.0,0.0,1.0,0.0,2.0,1.0,2.0,9.889,2.0,0.0,13.0,11.0,12.0,11.0,19.8,7.0,0.0,0.0,0.0,1.0,1.0,0.0,6.0,0.0,21.6,inf,0.0,0.0,0.0,2.0,1.0,1.0,0.0,0.3555555555555555,0.631,0.0,18.0,45.0,106.0,0.0,0.0,34.0,2.0,1.0,0.0,0.0,3.0,0.0,1.0,0.0,0.0,0.0,0.3846153846153846,12.0,1.0,1.0,1.0,15.0,10.0,25.0,0.0,0.0,0.0,1.0,3.0
2025-04-12,Jax Mannequin,458.l.9833.t.2,2.0,2.0,6.0,1.0,0.3076923076923077,0.9128205128205128,11.0,0.0,0.8181818181818182,5.5,0.0,3.0,8.0,4.0,2.0,0.0,0.0,0.0,13.0,39.0,4.0,6.0,10.8,2.0,0.0,0.0,0.0,0.0,0.0,0.0,4.0,0.0,0.0,10.0,0.0,2.0,15.0,11.0,12.0,12.0,7.2,4.0,0.0,0.0,3.0,0.0,0.0,0.0,7.333,0.0,66.6,inf,0.0,0.0,0.0,1.0,0.0,3.0,0.0,0.4,0.5960000000000001,0.0,22.0,45.0,109.0,0.0,0.0,32.0,0.0,3.0,0.0,0.0,1.0,2.0,0.0,0.0,0.0,0.0,0.5128205128205128,8.0,0.0,0.0,0.0,20.0,4.0,26.0,0.0,0.0,0.0,0.0,4.0
2025-04-12,Rapist Witt,458.l.9833.t.3,7.0,0.0,3.0,2.0,0.2307692307692307,0.6258741258741258,5.0,4.0,1.0,1.6666666666666667,1.0,1.0,7.0,3.0,1.0,1.0,1.0,0.0,7.0,39.0,4.0,4.0,12.0,3.0,0.0,0.0,0.0,0.0,0.0,0.0,0.0,0.0,4.0,9.0,0.0,1.0,15.0,11.0,12.0,9.0,24.0,6.0,1.0,0.0,0.0,2.0,0.0,0.0,9.0,0.0,22.5,3.5,0.0,0.0,0.0,2.0,1.0,1.0,0.0,0.3181818181818182,0.923,0.0,27.0,44.0,128.0,0.0,0.0,25.0,4.0,3.0,0.0,0.0,2.0,0.0,0.0,0.0,0.0,0.0,0.3076923076923077,8.0,1.0,1.0,1.0,12.0,13.0,34.0,0.0,0.0,0.0,0.0,2.0
2025-04-12,Revisiting the Good Kikuchi,458.l.9833.t.8,5.0,0.0,5.0,0.0,0.2978723404255319,0.7103777681285279,18.0,4.5,1.0,3.0,0.0,1.0,10.0,4.0,3.0,3.0,1.0,1.0,13.0,47.0,4.0,1.0,11.58,6.0,0.0,0.0,0.0,0.0,0.0,0.0,5.0,0.0,8.0,9.0,1.0,4.0,15.0,11.0,14.0,14.0,28.59,10.0,0.0,3.0,1.0,2.0,0.0,0.0,16.0,0.0,30.28,9.0,2.0,0.0,0.0,0.0,0.0,1.0,-1.0,0.3061224489795918,1.258,0.0,48.0,49.0,262.0,0.0,0.0,38.0,9.0,1.0,0.0,0.0,0.0,2.0,1.0,0.0,0.0,0.0,0.4042553191489361,10.0,0.0,0.0,0.0,19.0,21.0,63.0,0.0,1.0,1.0,0.0,4.0
2025-04-12,TP for my Jung Ho,458.l.9833.t.5,6.0,1.0,4.0,3.0,0.2,0.6714285714285715,4.0,7.0434782608695645,2.4782608695652173,0.8,1.0,0.0,3.0,12.0,3.0,2.0,0.0,0.0,9.0,35.0,3.0,4.0,83.84,5.0,0.0,1.0,0.0,0.0,0.0,0.0,7.0,0.0,6.0,10.0,1.0,4.0,14.0,11.0,10.0,7.0,101.37,14.0,1.0,0.0,0.0,0.0,1.0,1.0,7.666,1.0,13.26,inf,1.0,0.0,0.0,3.0,-1.0,-1.0,0.0,0.3,1.789,0.0,23.0,40.0,136.0,0.0,0.0,39.0,6.0,2.0,1.0,0.0,2.0,0.0,0.0,0.0,0.0,0.0,0.3714285714285714,5.0,0.0,0.0,1.0,13.0,16.0,39.0,0.0,1.0,1.0,1.0,4.0
2025-04-12,Unenthusiastic Handjobs,458.l.9833.t.7,5.0,2.0,6.0,0.0,0.225,0.6727272727272727,10.0,3.085714285714286,1.1142857142857143,2.5,0.0,1.0,6.0,5.0,1.0,1.0,0.0,0.0,8.0,40.0,3.0,3.0,6.78,4.0,0.0,0.0,0.0,0.0,0.0,0.0,4.0,0.0,4.0,9.0,2.0,0.0,14.0,11.0,13.0,9.0,29.96,9.0,0.0,0.0,0.0,3.0,0.0,0.0,11.667,0.0,31.340000000000003,inf,2.0,0.0,0.0,0.0,1.0,1.0,-2.0,0.2727272727272727,0.903,0.0,35.0,44.0,189.0,0.0,0.0,30.0,6.0,1.0,0.0,0.0,0.0,0.0,1.0,0.0,0.0,0.0,0.4,10.0,1.0,1.0,1.0,16.0,19.0,49.0,0.0,0.0,0.0,1.0,3.0
2025-04-12,Woo Tang Clan,458.l.9833.t.9,7.0,0.0,4.0,0.0,0.3421052631578947,0.7947368421052632,21.0,5.318181818181818,1.6363636363636365,2.333333333333333,2.0,0.0,11.0,22.0,2.0,3.0,0.0,2.0,5.0,38.0,5.0,5.0,42.75,9.0,0.0,0.0,0.0,0.0,1.0,0.0,1.0,1.0,13.0,8.667,0.0,3.0,16.0,11.0,15.0,13.0,72.85,27.0,0.0,0.0,0.0,0.0,0.0,0.0,22.0,0.0,59.89,inf,3.0,0.0,0.0,-1.0,0.0,0.0,-2.0,0.4,2.125,0.0,66.0,45.0,381.0,0.0,1.0,22.0,13.0,1.0,1.0,0.0,0.0,2.0,2.0,0.0,0.0,0.0,0.3947368421052631,6.0,0.0,0.0,0.0,15.0,34.0,98.0,0.0,1.0,1.0,0.0,2.0
2025-04-13,Afternoon Wood,458.l.9833.t.6,2.0,1.0,4.0,2.0,0.1707317073170731,0.5535524920466596,13.0,3.75,1.5833333333333333,2.1666666666666665,1.0,1.0,4.0,10.0,2.0,1.0,0.0,0.0,13.0,41.0,4.0,4.0,10.73,6.0,0.0,1.0,0.0,0.0,0.0,0.0,3.0,0.0,5.0,8.0,0.0,2.0,15.0,11.0,13.0,7.0,33.46,13.0,1.0,2.0,1.0,2.0,0.0,0.0,11.999,1.0,49.04,inf,1.0,0.0,0.0,2.0,-1.0,0.0,-1.0,0.2608695652173913,1.201,0.0,36.0,46.0,213.0,0.0,0.0,19.0,6.0,2.0,0.0,0.0,2.0,2.0,0.0,0.0,0.0,0.0,0.2926829268292683,11.0,0.0,0.0,1.0,12.0,20.0,54.0,0.0,0.0,0.0,1.0,3.0
2025-04-13,Agustin and Everything After,458.l.9833.t.1,6.0,2.0,6.0,0.0,0.2142857142857142,0.6714285714285715,16.0,4.909090909090909,1.2954545454545454,5.333333333333333,0.0,2.0,5.0,12.0,2.0,2.0,0.0,0.0,4.0,42.0,5.0,3.0,4.5,3.0,0.0,0.0,0.0,0.0,0.0,0.0,2.0,1.0,8.0,7.667,1.0,0.0,16.0,11.0,13.0,9.0,32.12,16.0,0.0,0.0,1.0,2.0,0.0,0.0,14.667,0.0,69.25999999999999,inf,2.0,0.0,0.0,0.0,1.0,2.0,-2.0,0.2666666666666666,0.935,0.0,44.0,45.0,229.0,0.0,0.0,36.0,8.0,3.0,0.0,0.0,0.0,2.0,0.0,0.0,0.0,0.0,0.4047619047619047,16.0,1.0,1.0,1.0,17.0,24.0,62.0,0.0,0.0,0.0,2.0,4.0
2025-04-13,Chicken Brain,458.l.9833.t.10,5.0,1.0,2.0,0.0,0.2972972972972973,0.7554054054054054,10.0,3.857142857142857,0.8571428571428571,10.0,1.0,0.0,9.0,2.0,1.0,0.0,0.0,0.0,8.0,37.0,2.0,3.0,1.5,1.0,0.0,0.0,0.0,0.0,0.0,0.0,3.0,0.0,3.0,8.0,0.0,0.0,12.0,10.0,11.0,11.0,22.5,5.0,0.0,1.0,0.0,3.0,0.0,0.0,7.0,0.0,37.5,inf,1.0,0.0,0.0,0.0,0.0,0.0,-1.0,0.35,0.617,0.0,21.0,40.0,118.0,0.0,0.0,38.0,3.0,1.0,1.0,0.0,0.0,0.0,0.0,0.0,0.0,0.0,0.4054054054054054,13.0,0.0,0.0,0.0,15.0,14.0,28.0,0.0,0.0,0.0,2.0,2.0
2025-04-13,InterNeto Explorer,458.l.9833.t.4,4.0,0.0,1.0,2.0,0.2142857142857142,0.564625850340136,14.0,4.0,0.8888888888888888,14.0,1.0,1.0,8.0,3.0,1.0,1.0,0.0,0.0,4.0,42.0,3.0,6.0,9.0,1.0,0.0,0.0,0.0,0.0,0.0,0.0,0.0,1.0,4.0,9.833,1.0,0.0,14.0,11.0,12.0,9.0,25.5,7.0,1.0,1.0,1.0,3.0,2.0,0.0,9.0,0.0,37.5,inf,0.0,0.0,0.0,2.0,0.0,1.0,1.0,0.3265306122448979,0.96,0.0,27.0,49.0,134.0,0.0,1.0,34.0,4.0,2.0,0.0,0.0,2.0,0.0,0.0,0.0,0.0,0.0,0.238095238095238,13.0,0.0,0.0,0.0,10.0,17.0,35.0,0.0,1.0,1.0,1.0,1.0
2025-04-13,Jax Mannequin,458.l.9833.t.2,3.0,0.0,3.0,1.0,0.1842105263157894,0.5070603337612323,28.0,1.8493150684931507,0.5753424657534247,7.0,2.0,2.0,4.0,6.0,3.0,3.0,0.0,0.0,6.0,38.0,5.0,3.0,12.73,4.0,0.0,0.0,1.0,0.0,0.0,0.0,0.0,2.0,5.0,8.639,0.0,1.0,15.0,10.0,13.0,7.0,13.73,10.0,0.0,1.0,1.0,1.0,0.0,0.0,24.333,0.0,80.0,inf,1.0,0.0,0.0,1.0,1.0,2.0,1.0,0.2439024390243902,0.906,0.0,73.0,41.0,336.0,0.0,1.0,19.0,5.0,2.0,0.0,0.0,1.0,1.0,0.0,0.0,1.0,0.0,0.2631578947368421,9.0,1.0,1.0,1.0,10.0,16.0,86.0,0.0,2.0,2.0,0.0,3.0
2025-04-13,Rapist Witt,458.l.9833.t.3,5.0,1.0,4.0,0.0,0.2352941176470588,0.7544459644322845,16.0,3.857142857142857,0.8571428571428572,4.0,0.0,0.0,5.0,2.0,2.0,1.0,0.0,0.0,5.0,34.0,3.0,5.0,6.56,4.0,0.0,0.0,0.0,0.0,0.0,0.0,1.0,1.0,5.0,8.667,0.0,0.0,14.0,11.0,12.0,8.0,10.16,6.0,3.0,0.0,0.0,3.0,0.0,0.0,11.667,0.0,34.31,inf,1.0,0.0,0.0,0.0,0.0,0.0,0.0,0.3720930232558139,0.472,0.0,35.0,43.0,204.0,0.0,0.0,28.0,5.0,1.0,0.0,0.0,0.0,0.0,1.0,0.0,0.0,0.0,0.3823529411764705,7.0,0.0,0.0,0.0,13.0,16.0,45.0,0.0,1.0,1.0,2.0,3.0
2025-04-13,Revisiting the Good Kikuchi,458.l.9833.t.8,2.0,1.0,4.0,1.0,0.1714285714285714,0.4939849624060149,23.0,1.2272727272727273,0.8181818181818182,3.8333333333333335,2.0,1.0,5.0,7.0,0.0,5.0,0.0,0.0,8.0,35.0,5.0,3.0,9.32,6.0,0.0,0.0,0.0,0.0,1.0,0.0,3.0,0.0,3.0,8.0,1.0,2.0,15.0,10.0,12.0,6.0,16.59,12.0,0.0,1.0,1.0,0.0,0.0,0.0,22.0,0.0,54.010000000000005,inf,0.0,0.0,0.0,0.0,0.0,1.0,2.0,0.2368421052631578,0.745,0.0,66.0,38.0,299.0,0.0,0.0,21.0,4.0,2.0,0.0,0.0,1.0,0.0,0.0,0.0,0.0,0.0,0.2571428571428571,13.0,0.0,0.0,0.0,9.0,17.0,83.0,0.0,2.0,2.0,1.0,1.0
2025-04-13,TP for my Jung Ho,458.l.9833.t.5,8.0,3.0,7.0,2.0,0.3181818181818182,0.91600790513834,13.0,5.25,1.5833333333333333,2.6,0.0,1.0,9.0,8.0,2.0,3.0,0.0,1.0,4.0,44.0,4.0,2.0,9.0,5.0,0.0,0.0,0.0,0.0,1.0,0.0,2.0,0.0,7.0,10.0,0.0,0.0,15.0,11.0,13.0,14.0,39.6,14.0,0.0,0.0,0.0,2.0,0.0,0.0,12.0,0.0,37.8,inf,0.0,0.0,0.0,1.0,1.0,1.0,1.0,0.3478260869565217,1.123,0.0,36.0,46.0,214.0,0.0,1.0,30.0,7.0,2.0,0.0,0.0,1.5,1.0,0.0,0.0,0.0,0.0,0.5681818181818182,16.0,1.0,1.0,1.0,25.0,25.0,55.0,0.0,1.0,1.0,1.0,5.0
2025-04-13,Unenthusiastic Handjobs,458.l.9833.t.7,6.0,1.0,3.0,0.0,0.3023255813953488,0.8377148634984833,14.0,0.0,0.5,14.0,1.0,1.0,7.0,1.0,4.0,2.0,1.0,1.0,3.0,43.0,3.0,1.0,1.29,1.0,0.0,0.0,0.0,0.0,0.0,0.0,1.0,0.0,0.0,7.0,3.0,0.0,14.0,11.0,12.0,13.0,16.07,4.0,1.0,0.0,0.0,0.0,0.0,0.0,10.0,0.0,46.29,inf,0.0,0.0,0.0,0.0,1.0,1.0,2.0,0.3260869565217391,0.518,0.0,30.0,46.0,140.0,0.0,0.0,23.0,0.0,2.0,0.0,1.0,0.0,1.0,0.0,1.0,0.0,0.0,0.5116279069767442,6.0,1.0,1.0,1.0,22.0,8.0,35.0,0.0,2.0,2.0,0.0,6.0
2025-04-13,Woo Tang Clan,458.l.9833.t.9,4.0,1.0,4.0,0.0,0.1818181818181818,0.5067698259187621,9.0,2.16,0.84,,0.0,3.0,6.0,6.0,1.0,0.0,0.0,0.0,6.0,44.0,4.0,3.0,0.0,0.0,0.0,0.0,0.0,0.0,1.0,0.0,3.0,1.0,2.0,4.875,1.0,0.0,15.0,11.0,12.0,8.0,24.75,7.0,0.0,2.0,1.0,1.0,0.0,0.0,8.333,0.0,52.65,inf,1.0,0.0,0.0,-1.0,2.0,3.0,-1.0,0.2340425531914893,0.768,0.0,25.0,47.0,137.0,0.0,0.0,24.0,3.0,3.0,0.0,0.0,0.0,0.0,0.0,0.0,0.0,0.0,0.2727272727272727,11.0,2.0,2.0,2.0,12.0,10.0,34.0,0.0,0.0,0.0,0.0,2.0
2025-04-14,Afternoon Wood,458.l.9833.t.6,10.0,3.0,10.0,0.0,0.282051282051282,0.9277389277389276,10.0,1.125,0.75,,1.0,1.0,6.0,5.0,2.0,1.0,0.0,0.0,13.0,39.0,2.0,4.0,0.0,0.0,0.0,0.0,0.0,0.0,0.0,0.0,2.0,0.0,1.0,8.0,0.0,0.0,12.0,10.0,11.0,11.0,23.14,6.0,1.0,0.0,1.0,0.0,0.0,0.0,8.0,0.0,20.57,inf,0.0,0.0,0.0,0.0,0.0,1.0,1.0,0.3636363636363636,0.56,0.0,24.0,44.0,112.0,0.0,0.0,16.0,1.0,1.0,0.0,0.0,0.0,1.0,0.0,0.0,0.0,0.0,0.5641025641025641,11.0,0.0,0.0,0.0,22.0,7.0,30.0,0.0,1.0,1.0,0.0,5.0
2025-04-14,Agustin and Everything After,458.l.9833.t.1,7.0,3.0,7.0,1.0,0.2368421052631578,0.7946084724005135,0.0,,,,0.0,0.0,4.0,0.0,2.0,0.0,0.0,0.0,6.0,38.0,0.0,2.0,0.0,0.0,0.0,0.0,0.0,0.0,1.0,0.0,3.0,0.0,0.0,8.0,1.0,0.0,10.0,10.0,10.0,9.0,0.0,0.0,0.0,0.0,0.0,0.0,0.0,0.0,0.0,0.0,0.0,0.0,0.0,0.0,0.0,0.0,0.0,0.0,0.0,0.2682926829268293,0.0,0.0,0.0,41.0,0.0,0.0,0.0,32.0,0.0,0.0,0.0,0.0,0.5,0.0,1.0,0.0,0.0,0.0,0.5263157894736842,9.0,0.0,0.0,0.0,20.0,0.0,0.0,0.0,0.0,0.0,0.0,5.0
2025-04-14,Chicken Brain,458.l.9833.t.10,2.0,0.0,6.0,0.0,0.0975609756097561,0.2714740190880169,12.0,1.8,0.7,3.0,0.0,0.0,4.0,1.0,0.0,0.0,0.0,1.0,13.0,41.0,2.0,4.0,7.2,4.0,0.0,0.0,0.0,0.0,0.0,0.0,5.0,1.0,2.0,9.75,2.0,0.0,13.0,11.0,13.0,4.0,5.4,3.0,0.0,1.0,0.0,1.0,0.0,0.0,10.0,0.0,21.6,6.0,0.0,0.0,0.0,0.0,0.0,0.0,2.0,0.1739130434782608,0.417,0.0,30.0,46.0,169.0,0.0,0.0,35.0,2.0,0.0,0.0,0.0,0.0,0.0,1.0,0.0,0.0,0.0,0.0975609756097561,14.0,0.0,0.0,0.0,4.0,8.0,38.0,0.0,2.0,2.0,1.0,0.0
2025-04-14,InterNeto Explorer,458.l.9833.t.4,4.0,4.0,7.0,0.0,0.1951219512195122,0.7203630175836642,0.0,,,,0.0,0.0,4.0,0.0,0.0,0.0,0.0,0.0,6.0,41.0,0.0,1.0,0.0,0.0,0.0,0.0,0.0,0.0,0.0,0.0,2.0,0.0,0.0,8.0,1.0,0.0,11.0,11.0,11.0,8.0,0.0,0.0,1.0,0.0,0.0,0.0,0.0,0.0,0.0,0.0,0.0,0.0,0.0,0.0,0.0,0.0,0.0,0.0,0.0,0.2325581395348837,0.0,0.0,0.0,43.0,0.0,0.0,0.0,36.0,0.0,0.0,0.0,0.0,0.0,0.0,0.0,0.0,0.0,0.0,0.4878048780487805,12.0,0.0,0.0,0.0,20.0,0.0,0.0,0.0,0.0,0.0,0.0,4.0
2025-04-14,Jax Mannequin,458.l.9833.t.2,7.0,4.0,9.0,0.0,0.3611111111111111,1.188034188034188,14.0,1.6363636363636365,0.7272727272727273,7.0,1.0,0.0,6.0,3.0,3.0,3.0,0.0,0.0,4.0,36.0,2.0,3.0,3.6,2.0,0.0,0.0,0.0,0.0,0.0,0.0,1.0,1.0,2.0,5.667,2.0,0.0,12.0,10.0,12.0,13.0,9.9,6.0,0.0,1.0,0.0,0.0,0.0,0.0,11.0,0.0,23.4,inf,0.0,0.0,0.0,0.0,0.0,0.0,1.0,0.4102564102564102,0.424,0.0,33.0,39.0,200.0,0.0,0.0,21.0,3.0,0.0,0.0,0.0,0.0,1.0,0.0,0.0,0.0,0.0,0.7777777777777778,4.0,0.0,0.0,0.0,28.0,9.0,43.0,0.0,1.0,1.0,0.0,7.0
2025-04-14,Rapist Witt,458.l.9833.t.3,6.0,2.0,3.0,0.0,0.3333333333333333,1.1002178649237473,8.0,1.125,0.875,8.0,1.0,2.0,5.0,4.0,2.0,2.0,0.0,0.0,16.0,27.0,3.0,6.0,9.0,1.0,0.0,0.0,0.0,0.0,0.0,0.0,5.0,2.0,1.0,6.417,0.0,0.0,11.0,8.0,9.0,9.0,31.5,6.0,1.0,0.0,0.0,0.0,1.0,0.0,8.0,0.0,19.5,inf,0.0,0.0,0.0,0.0,2.0,2.0,1.0,0.4705882352941176,0.936,0.0,24.0,34.0,109.0,0.0,0.0,15.0,1.0,2.0,0.0,0.0,0.0,0.0,0.0,0.0,0.0,0.0,0.6296296296296297,4.0,2.0,2.0,2.0,17.0,8.0,32.0,0.0,1.0,1.0,0.0,4.0
2025-04-14,Revisiting the Good Kikuchi,458.l.9833.t.8,7.0,0.0,6.0,0.0,0.3428571428571428,0.8417582417582418,15.0,13.864864864864863,2.0270270270270268,5.0,1.0,0.0,8.0,14.0,4.0,5.0,0.0,0.0,11.0,35.0,3.0,3.0,9.96,3.0,0.0,0.0,0.0,0.0,1.0,0.0,3.0,1.0,19.0,7.667,0.0,0.0,13.0,10.0,12.0,12.0,64.07,22.0,0.0,0.0,0.0,3.0,0.0,0.0,12.333,0.0,27.11,inf,2.0,0.0,0.0,-1.0,0.0,0.0,-1.0,0.3846153846153846,1.178,0.0,37.0,39.0,248.0,0.0,0.0,16.0,20.0,0.0,0.0,0.0,0.0,2.0,1.0,0.0,0.0,0.0,0.4571428571428571,9.0,0.0,0.0,0.0,16.0,36.0,63.0,0.0,1.0,1.0,1.0,4.0
2025-04-14,TP for my Jung Ho,458.l.9833.t.5,3.0,1.0,2.0,0.0,0.3,0.9333333333333332,6.0,2.7,1.5,3.0,0.0,1.0,2.0,3.0,3.0,4.0,0.0,0.0,4.0,20.0,2.0,1.0,10.59,2.0,0.0,0.0,0.0,0.0,0.0,0.0,0.0,0.0,2.0,5.0,0.0,0.0,7.0,5.0,6.0,6.0,20.12,8.0,0.0,1.0,1.0,1.0,0.0,1.0,6.667,0.0,9.53,6.0,0.0,0.0,0.0,0.0,0.0,1.0,0.0,0.3333333333333333,0.92,0.0,20.0,21.0,118.0,0.0,1.0,21.0,3.0,1.0,0.0,0.0,0.0,0.0,0.0,0.0,0.0,0.0,0.6,7.0,0.0,0.0,0.0,12.0,15.0,30.0,0.0,0.0,0.0,0.0,4.0
2025-04-14,Unenthusiastic Handjobs,458.l.9833.t.7,7.0,3.0,5.0,0.0,0.2580645161290322,0.9753820033955858,5.0,4.695652173913043,1.434782608695652,1.6666666666666667,0.0,0.0,4.0,4.0,1.0,0.0,0.0,0.0,6.0,31.0,2.0,7.0,11.7,3.0,0.0,0.0,0.0,0.0,0.0,0.0,2.0,0.0,4.0,7.0,1.0,1.0,11.0,9.0,10.0,8.0,18.45,8.0,0.0,0.0,0.0,4.0,1.0,0.0,7.667,0.0,14.4,3.0,1.0,0.0,0.0,0.0,0.0,0.0,-1.0,0.3947368421052631,0.7210000000000001,0.0,23.0,38.0,120.0,0.0,0.0,24.0,4.0,1.0,0.0,0.0,0.0,0.0,0.0,0.0,0.0,0.0,0.5806451612903226,10.0,0.0,0.0,0.0,18.0,20.0,33.0,0.0,0.0,0.0,0.0,4.0
2025-04-14,Woo Tang Clan,458.l.9833.t.9,7.0,3.0,6.0,1.0,0.2926829268292683,0.9262749445676276,4.0,0.0,0.5714285714285714,4.0,1.0,0.0,6.0,2.0,3.0,1.0,0.0,0.0,11.0,41.0,1.0,2.0,1.29,1.0,0.0,0.0,0.0,0.0,0.0,0.0,4.0,0.0,0.0,9.0,0.0,1.0,11.0,10.0,11.0,12.0,3.86,3.0,1.0,0.0,0.0,0.0,0.0,0.0,7.0,0.0,5.14,4.0,0.0,0.0,0.0,1.0,0.0,0.0,1.0,0.3409090909090909,0.174,0.0,21.0,44.0,92.0,0.0,0.0,33.0,0.0,0.0,0.0,0.0,1.0,0.0,0.0,0.0,0.0,0.0,0.5853658536585366,7.0,0.0,0.0,0.0,24.0,4.0,23.0,0.0,1.0,1.0,0.0,6.0
2025-04-15,Afternoon Wood,458.l.9833.t.6,6.0,4.0,5.0,1.0,0.1428571428571428,0.6459627329192547,13.0,5.60377358490566,1.471698113207547,2.6,1.0,0.0,2.0,15.0,0.0,3.0,0.0,0.0,11.0,42.0,5.0,4.0,17.310000000000002,5.0,0.0,0.0,0.0,0.0,1.0,0.0,2.0,0.0,11.0,6.0,1.0,1.0,16.0,11.0,14.0,6.0,45.05,21.0,0.0,2.0,0.0,3.0,0.0,0.0,17.666,0.0,36.74,inf,2.0,0.0,0.0,0.0,0.0,0.0,-1.0,0.217391304347826,1.573,0.0,53.0,46.0,302.0,0.0,0.0,9.0,13.0,2.0,0.0,0.0,1.0,4.0,0.0,0.0,0.0,0.0,0.4285714285714285,12.0,0.0,0.0,0.0,18.0,33.0,81.0,0.0,1.0,1.0,0.0,4.0
2025-04-15,Agustin and Everything After,458.l.9833.t.1,6.0,2.0,8.0,1.0,0.1136363636363636,0.4791280148423006,8.0,5.684210526315789,0.9473684210526316,8.0,0.0,1.0,1.0,3.0,2.0,0.0,0.0,0.0,11.0,44.0,3.0,4.0,1.93,1.0,0.0,0.0,0.0,0.0,0.0,0.0,2.0,0.0,4.0,10.0,0.0,0.0,14.0,11.0,12.0,5.0,9.64,5.0,0.0,1.0,1.0,2.0,0.0,0.0,6.334,1.0,34.07,inf,0.0,0.0,0.0,1.0,0.0,1.0,1.0,0.1836734693877551,0.333,0.0,19.0,49.0,110.0,0.0,0.0,35.0,4.0,2.0,0.0,1.0,1.0,0.0,0.0,1.0,0.0,0.0,0.2954545454545454,11.0,0.0,0.0,0.0,13.0,11.0,26.0,0.0,1.0,1.0,1.0,4.0
2025-04-15,Chicken Brain,458.l.9833.t.10,8.0,1.0,4.0,2.0,0.3902439024390244,1.0298102981029809,10.0,3.0,1.3333333333333333,2.0,1.0,1.0,10.0,9.0,5.0,1.0,0.0,0.0,8.0,41.0,3.0,3.0,7.76,5.0,0.0,0.0,0.0,0.0,1.0,0.0,0.0,0.0,4.0,9.0,1.0,2.0,14.0,11.0,13.0,16.0,17.21,11.0,1.0,0.0,1.0,1.0,0.0,0.0,12.0,0.0,15.09,4.83,1.0,0.0,0.0,1.0,0.0,1.0,0.0,0.4444444444444444,0.65,0.0,36.0,45.0,205.0,0.0,0.0,25.0,4.0,1.0,0.0,0.0,2.0,2.0,0.0,0.0,0.0,0.0,0.5853658536585366,11.0,0.0,0.0,0.0,24.0,15.0,49.0,0.0,1.0,1.0,0.0,6.0
2025-04-15,InterNeto Explorer,458.l.9833.t.4,10.0,5.0,13.0,2.0,0.3043478260869565,1.1020066889632107,21.0,3.724137931034482,1.2413793103448276,1.9090909090909087,3.0,0.0,5.0,15.0,4.0,5.0,0.0,2.0,8.0,46.0,6.0,6.0,25.24,11.0,0.0,0.0,0.0,0.0,0.0,0.0,1.0,0.0,12.0,7.0,0.0,3.0,17.0,11.0,16.0,14.0,55.58,25.0,0.0,1.0,0.0,3.0,0.0,0.0,29.0,0.0,33.96,10.5,3.0,0.0,0.0,2.0,0.0,0.0,-2.0,0.3846153846153846,1.984,0.0,87.0,52.0,493.0,0.0,0.0,18.0,12.0,1.0,0.0,0.0,2.0,9.0,0.0,0.0,0.0,1.0,0.717391304347826,8.0,0.0,0.0,0.0,33.0,43.0,120.0,0.0,1.0,1.0,1.0,9.0
2025-04-15,Jax Mannequin,458.l.9833.t.2,3.0,1.0,5.0,0.0,0.2045454545454545,0.5735009671179884,14.0,4.090909090909091,1.2727272727272727,7.0,1.0,2.0,6.0,6.0,2.0,5.0,0.0,0.0,13.0,44.0,5.0,2.0,2.7,2.0,0.0,0.0,0.0,0.0,1.0,0.0,6.0,1.0,5.0,7.875,1.0,0.0,16.0,11.0,12.0,9.0,63.0,12.0,1.0,0.0,2.0,1.0,0.0,0.0,11.0,0.0,65.7,inf,0.0,0.0,0.0,-1.0,0.0,2.0,1.0,0.2553191489361702,1.438,0.0,33.0,47.0,171.0,0.0,0.0,21.0,5.0,4.0,0.0,0.0,0.0,0.0,0.0,0.0,0.0,0.0,0.3181818181818182,11.0,0.0,0.0,0.0,14.0,20.0,48.0,0.0,1.0,1.0,0.0,3.0
2025-04-15,Rapist Witt,458.l.9833.t.3,5.0,3.0,7.0,1.0,0.2619047619047619,0.8911564625850341,12.0,3.4615384615384617,1.0,4.0,1.0,2.0,6.0,6.0,2.0,1.0,0.0,0.0,3.0,42.0,4.0,7.0,5.4,3.0,0.0,0.0,0.0,0.0,1.0,0.0,1.0,0.0,5.0,9.0,0.0,0.0,15.0,11.0,13.0,11.0,23.4,10.0,0.0,0.0,0.0,3.0,0.0,0.0,13.0,0.0,34.2,inf,0.0,0.0,0.0,0.0,2.0,2.0,2.0,0.3673469387755102,0.747,0.0,39.0,49.0,223.0,0.0,0.0,28.0,5.0,2.0,0.0,0.0,1.0,0.0,0.0,0.0,0.0,0.0,0.5238095238095238,10.0,2.0,2.0,2.0,22.0,20.0,52.0,0.0,2.0,2.0,0.0,5.0
2025-04-15,Revisiting the Good Kikuchi,458.l.9833.t.8,4.0,2.0,4.0,0.0,0.25,0.7432926829268293,11.0,0.0,0.4864864864864864,5.5,1.0,3.0,6.0,4.0,1.0,0.0,1.0,0.0,14.0,40.0,6.0,1.0,8.04,2.0,0.0,0.0,0.0,0.0,0.0,0.0,3.0,0.0,0.0,8.0,0.0,2.0,16.0,10.0,11.0,10.0,12.86,4.0,0.0,0.0,2.0,0.0,0.0,0.0,12.333,0.0,50.46,inf,0.0,0.0,0.0,0.0,1.0,3.0,1.0,0.2682926829268293,0.6930000000000001,0.0,37.0,41.0,158.0,0.0,0.0,30.0,0.0,5.0,0.0,0.0,0.0,0.0,0.0,0.0,0.0,0.0,0.475,13.0,1.0,1.0,1.0,19.0,4.0,42.0,0.0,1.0,1.0,0.0,4.0
2025-04-15,TP for my Jung Ho,458.l.9833.t.5,7.0,2.0,7.0,1.0,0.3,0.8636363636363636,2.0,0.0,0.5,,0.0,2.0,8.0,1.0,2.0,0.0,0.0,0.0,4.0,40.0,2.0,4.0,0.0,0.0,0.0,0.0,0.0,0.0,0.0,0.0,1.0,0.0,0.0,10.0,0.0,0.0,12.0,10.0,10.0,12.0,9.0,1.0,0.0,0.0,0.0,0.0,0.0,0.0,2.0,0.0,18.0,inf,0.0,0.0,0.0,1.0,2.0,2.0,0.0,0.3636363636363636,0.25,1.0,6.0,44.0,24.0,0.0,0.0,35.0,0.0,2.0,0.0,0.0,1.0,0.0,0.0,0.0,0.0,0.0,0.5,10.0,2.0,2.0,2.0,20.0,1.0,7.0,0.0,0.0,0.0,0.0,4.0
2025-04-15,Unenthusiastic Handjobs,458.l.9833.t.7,5.0,1.0,2.0,2.0,0.325,0.8386363636363636,11.0,5.0625,1.5,2.2,0.0,0.0,9.0,4.0,3.0,4.0,0.0,0.0,6.0,40.0,3.0,3.0,9.26,5.0,0.0,0.0,0.0,0.0,0.0,0.0,1.0,1.0,6.0,9.5,0.0,0.0,14.0,11.0,13.0,13.0,27.77,11.0,0.0,0.0,0.0,3.0,1.0,0.0,10.667,0.0,27.39,inf,1.0,0.0,0.0,2.0,0.0,0.0,-1.0,0.3636363636363636,0.916,0.0,32.0,44.0,201.0,0.0,0.0,31.0,7.0,1.0,0.0,0.0,2.0,0.0,1.0,0.0,0.0,0.0,0.475,6.0,0.0,0.0,0.0,19.0,24.0,49.0,0.0,0.0,0.0,1.0,4.0
2025-04-15,Woo Tang Clan,458.l.9833.t.9,2.0,0.0,0.0,0.0,0.131578947368421,0.3408812729498164,5.0,2.4545454545454546,0.9545454545454546,1.6666666666666667,0.0,2.0,5.0,2.0,0.0,1.0,0.0,0.0,12.0,38.0,4.0,4.0,5.4,3.0,0.0,0.0,0.0,1.0,0.0,0.0,5.0,1.0,2.0,8.875,0.0,0.0,14.0,10.0,11.0,5.0,14.4,4.0,0.0,0.0,1.0,1.0,0.0,0.0,7.333,0.0,41.4,inf,0.0,0.0,0.0,0.0,1.0,2.0,2.0,0.2093023255813953,0.536,0.0,22.0,43.0,129.0,0.0,0.0,42.0,2.0,3.0,0.0,1.0,0.0,0.0,0.0,0.0,0.0,0.0,0.131578947368421,6.0,1.0,1.0,1.0,5.0,8.0,29.0,0.0,2.0,2.0,1.0,0.0
2025-04-16,Afternoon Wood,458.l.9833.t.6,4.0,2.0,5.0,0.0,0.1860465116279069,0.5809005442850075,11.0,4.2631578947368425,1.5789473684210529,2.2,1.0,1.0,6.0,12.0,0.0,1.0,0.0,0.0,7.0,43.0,3.0,4.0,15.18,5.0,0.0,0.0,0.0,0.0,2.0,0.0,1.0,0.0,6.0,9.0,0.0,4.0,14.0,11.0,13.0,8.0,23.380000000000003,15.0,0.0,0.0,1.0,2.0,0.0,0.0,12.667,0.0,24.18,6.0,2.0,0.0,0.0,-2.0,0.0,1.0,-2.0,0.2553191489361702,1.054,1.0,38.0,47.0,193.0,0.0,0.0,21.0,6.0,1.0,0.0,0.0,0.0,0.0,0.0,0.0,0.0,0.0,0.3255813953488372,16.0,0.0,0.0,0.0,14.0,22.0,55.0,0.0,0.0,0.0,0.0,2.0
2025-04-16,Agustin and Everything After,458.l.9833.t.1,4.0,2.0,2.0,1.0,0.1714285714285714,0.6355400696864111,10.0,5.538461538461538,1.4615384615384617,1.25,0.0,0.0,4.0,6.0,0.0,3.0,0.0,0.0,8.0,35.0,3.0,6.0,12.15,8.0,0.0,0.0,0.0,0.0,1.0,0.0,0.0,1.0,8.0,10.8,0.0,1.0,14.0,11.0,13.0,6.0,17.21,11.0,0.0,0.0,0.0,2.0,0.0,1.0,13.0,0.0,15.53,2.5,1.0,0.0,0.0,0.0,0.0,0.0,-1.0,0.2926829268292683,0.703,0.0,39.0,41.0,204.0,0.0,0.0,35.0,8.0,1.0,0.0,0.0,0.5,0.0,0.0,0.0,0.0,0.0,0.3428571428571428,16.0,0.0,0.0,0.0,12.0,20.0,57.0,0.0,0.0,0.0,0.0,2.0
2025-04-16,Chicken Brain,458.l.9833.t.10,4.0,0.0,1.0,0.0,0.2051282051282051,0.4926739926739927,2.0,1.6875,0.9375,2.0,0.0,0.0,7.0,3.0,1.0,0.0,0.0,0.0,5.0,39.0,1.0,2.0,1.69,1.0,0.0,0.0,0.0,0.0,0.0,0.0,1.0,0.0,1.0,6.0,4.0,0.0,11.0,10.0,11.0,8.0,6.75,4.0,1.0,0.0,0.0,1.0,0.0,0.0,5.333,0.0,3.38,2.0,0.0,0.0,0.0,0.0,0.0,0.0,1.0,0.2619047619047619,0.238,0.0,16.0,42.0,96.0,0.0,0.0,12.0,1.0,0.0,0.0,0.0,0.0,0.0,0.0,0.0,0.0,0.0,0.2307692307692307,11.0,0.0,0.0,0.0,9.0,7.0,21.0,0.0,1.0,1.0,0.0,1.0
2025-04-16,InterNeto Explorer,458.l.9833.t.4,1.0,1.0,5.0,0.0,0.1904761904761904,0.5942028985507246,22.0,4.673076923076923,1.3846153846153848,3.6666666666666665,1.0,1.0,4.0,13.0,3.0,4.0,0.0,0.0,10.0,42.0,4.0,4.0,10.05,6.0,0.0,0.0,0.0,0.0,2.0,0.0,3.0,0.0,9.0,10.0,1.0,1.0,15.0,11.0,14.0,8.0,30.19,18.0,0.0,1.0,0.0,1.0,0.0,0.0,17.333,0.0,58.5,inf,2.0,0.0,0.0,-2.0,1.0,1.0,-1.0,0.2608695652173913,1.035,0.0,52.0,46.0,299.0,0.0,0.0,22.0,10.0,1.0,0.0,0.0,0.0,0.0,0.0,0.0,0.0,0.0,0.3333333333333333,14.0,1.0,1.0,1.0,14.0,25.0,73.0,0.0,1.0,1.0,0.0,4.0
2025-04-16,Jax Mannequin,458.l.9833.t.2,5.0,1.0,6.0,1.0,0.35,0.934782608695652,4.0,12.0,2.0,,0.0,1.0,10.0,3.0,3.0,3.0,0.0,0.0,9.0,40.0,3.0,5.0,0.0,0.0,0.0,1.0,0.0,0.0,0.0,0.0,2.0,0.0,4.0,9.0,2.0,0.0,14.0,11.0,11.0,14.0,54.0,6.0,1.0,0.0,1.0,0.0,0.0,0.0,3.0,0.0,36.0,inf,0.0,0.0,0.0,1.0,-1.0,0.0,0.0,0.4347826086956521,0.971,0.0,9.0,46.0,45.0,0.0,0.0,28.0,4.0,3.0,0.0,0.0,1.0,1.0,0.0,0.0,0.0,0.0,0.5,8.0,0.0,0.0,1.0,20.0,9.0,15.0,0.0,0.0,0.0,0.0,4.0
2025-04-16,Rapist Witt,458.l.9833.t.3,10.0,4.0,6.0,2.0,0.325,1.150531914893617,5.0,0.0,1.0,5.0,0.0,1.0,5.0,1.0,4.0,0.0,0.0,0.0,9.0,40.0,2.0,7.0,9.0,1.0,0.0,0.0,0.0,0.0,0.0,0.0,3.0,0.0,0.0,9.0,0.0,0.0,13.0,11.0,11.0,13.0,9.0,1.0,0.0,0.0,0.0,0.0,1.0,0.0,2.0,0.0,45.0,inf,0.0,0.0,0.0,2.0,1.0,1.0,0.0,0.425531914893617,0.5,0.0,6.0,47.0,30.0,0.0,0.0,30.0,0.0,2.0,0.0,0.0,2.0,0.0,0.0,0.0,0.0,0.0,0.725,4.0,1.0,1.0,1.0,29.0,1.0,8.0,0.0,0.0,0.0,0.0,8.0
2025-04-16,Revisiting the Good Kikuchi,458.l.9833.t.8,4.0,2.0,7.0,2.0,0.2564102564102564,0.8127608825283243,4.0,5.785714285714286,2.142857142857143,1.3333333333333333,0.0,0.0,5.0,3.0,3.0,3.0,0.0,0.0,6.0,39.0,1.0,3.0,5.79,3.0,0.0,0.0,0.0,0.0,0.0,0.0,1.0,1.0,3.0,8.8,2.0,0.0,12.0,11.0,12.0,10.0,13.5,7.0,1.0,0.0,0.0,1.0,1.0,0.0,4.667,0.0,7.71,1.33,1.0,0.0,0.0,2.0,0.0,0.0,-1.0,0.3255813953488372,0.417,0.0,14.0,43.0,83.0,0.0,0.0,35.0,4.0,0.0,0.0,0.0,2.0,2.0,0.0,0.0,0.0,1.0,0.4871794871794871,12.0,0.0,0.0,0.0,19.0,13.0,24.0,0.0,0.0,0.0,1.0,5.0
2025-04-16,TP for my Jung Ho,458.l.9833.t.5,8.0,1.0,4.0,2.0,0.2,0.5826086956521739,1.0,4.5,1.5,0.3333333333333333,0.0,0.0,6.0,5.0,1.0,0.0,0.0,0.0,12.0,40.0,2.0,4.0,5.4,3.0,0.0,0.0,0.0,0.0,1.0,0.0,1.0,0.0,3.0,8.0,1.0,1.0,12.0,10.0,11.0,8.0,18.0,6.0,1.0,0.0,0.0,1.0,0.0,0.0,6.0,0.0,1.8,0.33,1.0,0.0,0.0,1.0,0.0,0.0,-1.0,0.2826086956521739,0.681,0.0,18.0,46.0,95.0,0.0,0.0,26.0,3.0,1.0,0.0,0.0,1.0,1.0,1.0,0.0,0.0,0.0,0.3,9.0,0.0,0.0,0.0,12.0,9.0,26.0,0.0,0.0,0.0,0.0,2.0
2025-04-16,Unenthusiastic Handjobs,458.l.9833.t.7,1.0,0.0,4.0,3.0,0.2439024390243902,0.5726405090137858,19.0,1.2272727272727273,0.9545454545454546,3.8,0.0,3.0,9.0,7.0,1.0,0.0,0.0,0.0,3.0,41.0,6.0,3.0,15.78,5.0,0.0,0.0,0.0,0.0,0.0,0.0,1.0,0.0,2.0,9.0,1.0,0.0,17.0,11.0,13.0,10.0,22.34,9.0,1.0,1.0,0.0,2.0,0.0,0.0,14.667,0.0,54.53,inf,0.0,0.0,0.0,3.0,3.0,3.0,2.0,0.3043478260869565,1.166,0.0,44.0,46.0,244.0,0.0,0.0,36.0,2.0,4.0,0.0,0.0,3.0,0.0,1.0,0.0,0.0,0.0,0.2682926829268293,7.0,3.0,3.0,3.0,11.0,15.0,57.0,0.0,2.0,2.0,1.0,1.0
2025-04-16,Woo Tang Clan,458.l.9833.t.9,2.0,0.0,1.0,0.0,0.2368421052631578,0.6413708690330477,0.0,0.0,1.0,0.0,0.0,1.0,6.0,0.0,3.0,0.0,0.0,0.0,4.0,38.0,1.0,4.0,9.0,1.0,0.0,0.0,0.0,0.0,1.0,0.0,2.0,0.0,0.0,7.0,0.0,0.0,11.0,10.0,10.0,9.0,0.0,0.0,1.0,0.0,0.0,0.0,0.0,0.0,1.0,0.0,0.0,0.0,0.0,0.0,0.0,-1.0,1.0,1.0,0.0,0.3255813953488372,0.25,0.0,3.0,43.0,21.0,0.0,0.0,22.0,0.0,1.0,0.0,0.0,0.0,0.0,0.0,0.0,0.0,0.0,0.3157894736842105,9.0,1.0,1.0,1.0,12.0,0.0,4.0,0.0,0.0,0.0,0.0,3.0
2025-04-17,Afternoon Wood,458.l.9833.t.6,7.0,1.0,4.0,0.0,0.1666666666666666,0.6190476190476191,1.0,0.0,0.0,,0.0,0.0,2.0,0.0,2.0,0.0,0.0,0.0,7.0,30.0,1.0,4.0,0.0,0.0,0.0,0.0,0.0,0.0,1.0,0.0,4.0,3.0,0.0,5.1,2.0,0.0,10.0,9.0,8.0,5.0,0.0,0.0,1.0,0.0,0.0,0.0,0.0,0.0,0.667,0.0,13.5,inf,0.0,0.0,0.0,-1.0,0.0,0.0,0.0,0.2857142857142857,0.0,0.0,2.0,35.0,8.0,0.0,0.0,20.0,0.0,1.0,0.0,0.0,0.0,0.0,0.0,0.0,0.0,0.0,0.3333333333333333,9.0,0.0,0.0,0.0,10.0,0.0,2.0,0.0,0.0,0.0,0.0,3.0
2025-04-17,Agustin and Everything After,458.l.9833.t.1,5.0,2.0,11.0,0.0,0.3333333333333333,0.8861111111111111,3.0,4.5,2.0,1.5,0.0,2.0,11.0,1.0,2.0,1.0,0.0,0.0,10.0,45.0,3.0,2.0,40.5,2.0,0.0,0.0,0.0,0.0,1.0,0.0,4.0,1.0,1.0,8.833,0.0,0.0,14.0,11.0,11.0,15.0,27.0,2.0,1.0,0.0,2.0,0.0,0.0,0.0,2.0,1.0,45.0,inf,0.0,0.0,0.0,-1.0,0.0,2.0,0.0,0.375,1.1,1.0,6.0,48.0,48.0,0.0,0.0,33.0,1.0,3.0,0.0,0.0,0.0,0.0,0.0,0.0,0.0,0.0,0.5111111111111111,12.0,0.0,0.0,0.0,23.0,3.0,10.0,0.0,0.0,0.0,0.0,4.0
2025-04-17,Chicken Brain,458.l.9833.t.10,2.0,1.0,4.0,2.0,0.2727272727272727,0.7588932806324111,9.0,7.0434782608695645,1.434782608695652,1.8,0.0,1.0,4.0,2.0,1.0,1.0,0.0,0.0,4.0,22.0,3.0,1.0,15.35,5.0,0.0,0.0,0.0,0.0,0.0,0.0,1.0,0.0,6.0,5.0,0.0,0.0,9.0,6.0,6.0,6.0,16.94,6.0,0.0,0.0,1.0,3.0,0.0,0.0,7.667,0.0,43.94,inf,1.0,0.0,0.0,2.0,0.0,1.0,-1.0,0.3043478260869565,0.775,0.0,23.0,23.0,135.0,0.0,1.0,11.0,6.0,2.0,0.0,0.0,2.0,1.0,0.0,0.0,0.0,0.0,0.4545454545454545,4.0,0.0,0.0,0.0,10.0,16.0,32.0,0.0,0.0,0.0,0.0,2.0
2025-04-17,InterNeto Explorer,458.l.9833.t.4,3.0,1.0,2.0,4.0,0.1052631578947368,0.4536340852130325,3.0,7.363636363636364,2.0454545454545454,0.6,0.0,0.0,1.0,7.0,0.0,2.0,0.0,0.0,7.0,19.0,3.0,2.0,15.75,5.0,0.0,0.0,0.0,0.0,0.0,0.0,3.0,0.0,6.0,4.0,1.0,2.0,8.0,5.0,6.0,2.0,24.19,10.0,0.0,0.0,0.0,1.0,0.0,0.0,7.333,0.0,5.06,0.75,1.0,0.0,0.0,4.0,0.0,0.0,-1.0,0.1904761904761904,0.981,1.0,22.0,21.0,115.0,0.0,0.0,3.0,6.0,2.0,0.0,0.0,2.0,0.0,0.0,0.0,0.0,0.0,0.2631578947368421,10.0,0.0,0.0,0.0,5.0,15.0,34.0,0.0,0.0,0.0,0.0,1.0
2025-04-17,Jax Mannequin,458.l.9833.t.2,5.0,1.0,3.0,1.0,0.3125,0.7591911764705883,1.0,4.5,1.5,,0.0,2.0,9.0,1.0,0.0,1.0,0.0,0.0,9.0,32.0,2.0,1.0,0.0,0.0,0.0,0.0,0.0,0.0,1.0,0.0,3.0,0.0,1.0,6.0,1.0,0.0,10.0,8.0,8.0,10.0,27.0,3.0,1.0,0.0,0.0,1.0,1.0,0.0,2.0,0.0,9.0,inf,0.0,0.0,0.0,0.0,2.0,2.0,0.0,0.3529411764705882,0.65,0.0,6.0,34.0,35.0,0.0,0.0,23.0,1.0,2.0,0.0,0.0,0.5,0.0,0.0,0.0,0.0,0.0,0.40625,4.0,2.0,2.0,2.0,13.0,7.0,9.0,0.0,0.0,0.0,1.0,1.0
2025-04-17,Rapist Witt,458.l.9833.t.3,5.0,2.0,6.0,2.0,0.2647058823529412,0.8902439024390244,6.0,5.0625,1.6875,2.0,0.0,1.0,5.0,5.0,2.0,0.0,0.0,0.0,7.0,34.0,2.0,7.0,6.23,3.0,0.0,0.0,0.0,0.0,0.0,0.0,0.0,0.0,3.0,7.0,1.0,0.0,10.0,8.0,9.0,9.0,12.46,6.0,0.0,0.0,0.0,1.0,0.0,0.0,5.333,0.0,12.46,2.0,0.0,0.0,0.0,2.0,1.0,1.0,0.0,0.3902439024390244,0.409,1.0,16.0,41.0,101.0,0.0,0.0,25.0,4.0,1.0,0.0,0.0,2.0,1.0,0.0,0.0,0.0,0.0,0.5,10.0,1.0,1.0,1.0,17.0,9.0,25.0,0.0,0.0,0.0,0.0,4.0
2025-04-17,Revisiting the Good Kikuchi,458.l.9833.t.8,2.0,2.0,5.0,1.0,0.1714285714285714,0.6307692307692307,11.0,1.8,0.8666666666666667,3.6666666666666665,2.0,1.0,3.0,8.0,0.0,2.0,1.0,0.0,13.0,35.0,4.0,3.0,12.0,3.0,0.0,0.0,0.0,0.0,0.0,0.0,3.0,0.0,3.0,10.0,1.0,1.0,14.0,10.0,12.0,6.0,28.93,10.0,0.0,1.0,1.0,0.0,0.0,0.0,15.0,0.0,22.29,inf,1.0,0.0,0.0,1.0,0.0,1.0,1.0,0.2307692307692307,0.81,0.0,45.0,39.0,215.0,0.0,0.0,28.0,7.0,2.0,1.0,0.0,1.0,1.0,1.0,0.0,0.0,0.0,0.4,10.0,0.0,0.0,0.0,14.0,12.0,62.0,0.0,2.0,2.0,0.0,3.0
2025-04-17,TP for my Jung Ho,458.l.9833.t.5,7.0,2.0,3.0,0.0,0.1944444444444444,0.6916666666666667,12.0,2.571428571428572,0.7142857142857143,12.0,1.0,0.0,3.0,2.0,2.0,1.0,0.0,0.0,4.0,36.0,1.0,4.0,1.29,1.0,0.0,0.0,0.0,0.0,0.0,0.0,1.0,0.0,2.0,7.0,0.0,1.0,10.0,9.0,10.0,7.0,5.14,4.0,0.0,1.0,0.0,1.0,0.0,0.0,7.0,0.0,15.43,12.0,0.0,0.0,0.0,0.0,0.0,0.0,1.0,0.275,0.214,0.0,21.0,40.0,97.0,0.0,0.0,28.0,3.0,0.0,0.0,0.0,0.0,0.0,0.0,0.0,0.0,0.0,0.4166666666666667,11.0,0.0,0.0,0.0,15.0,8.0,28.0,0.0,1.0,1.0,0.0,4.0
2025-04-17,Unenthusiastic Handjobs,458.l.9833.t.7,9.0,2.0,4.0,2.0,0.2954545454545454,0.7883838383838384,4.0,3.375,1.125,1.3333333333333333,0.0,1.0,9.0,0.0,2.0,0.0,0.0,0.0,13.0,44.0,3.0,1.0,36.0,3.0,0.0,0.0,0.0,0.0,0.0,0.0,2.0,0.0,1.0,7.0,0.0,0.0,14.0,11.0,11.0,13.0,0.0,0.0,0.0,0.0,0.0,0.0,0.0,0.0,2.667,0.0,40.5,inf,0.0,0.0,0.0,2.0,1.0,1.0,0.0,0.3111111111111111,0.75,0.0,8.0,45.0,52.0,0.0,0.0,14.0,1.0,3.0,0.0,0.0,2.0,0.0,0.0,0.0,0.0,0.0,0.4772727272727273,9.0,1.0,1.0,1.0,21.0,0.0,11.0,0.0,0.0,0.0,1.0,4.0
2025-04-17,Woo Tang Clan,458.l.9833.t.9,6.0,1.0,3.0,0.0,0.2352941176470588,0.6687306501547987,0.0,,,,0.0,0.0,6.0,0.0,1.0,0.0,0.0,0.0,6.0,34.0,0.0,4.0,0.0,0.0,0.0,0.0,0.0,0.0,1.0,0.0,3.0,1.0,0.0,5.667,1.0,0.0,9.0,9.0,9.0,8.0,0.0,0.0,0.0,0.0,0.0,0.0,0.0,0.0,0.0,0.0,0.0,0.0,0.0,0.0,0.0,-1.0,0.0,0.0,0.0,0.3157894736842105,0.0,0.0,0.0,38.0,0.0,0.0,0.0,29.0,0.0,0.0,0.0,0.0,0.0,0.0,0.0,0.0,0.0,0.0,0.3529411764705882,9.0,0.0,0.0,0.0,12.0,0.0,0.0,0.0,0.0,0.0,0.0,2.0
2025-04-18,Afternoon Wood,458.l.9833.t.6,4.0,1.0,2.0,0.0,0.1025641025641025,0.4096736596736596,0.0,13.5,1.5,,0.0,0.0,2.0,1.0,1.0,0.0,0.0,0.0,15.0,39.0,1.0,5.0,0.0,0.0,0.0,0.0,0.0,0.0,0.0,0.0,2.0,0.0,1.0,8.0,0.0,0.0,12.0,11.0,11.0,4.0,13.5,1.0,0.0,0.0,0.0,0.0,0.0,0.0,0.667,0.0,0.0,0.0,0.0,0.0,0.0,0.0,0.0,0.0,0.0,0.2045454545454545,0.333,0.0,2.0,44.0,17.0,0.0,0.0,13.0,1.0,1.0,0.0,0.0,0.0,0.0,0.0,0.0,0.0,0.0,0.2051282051282051,12.0,0.0,0.0,0.0,8.0,1.0,3.0,0.0,0.0,0.0,0.0,2.0
2025-04-18,Agustin and Everything After,458.l.9833.t.1,8.0,1.0,9.0,0.0,0.3333333333333333,0.9180216802168022,14.0,2.4545454545454546,1.3636363636363635,2.8,0.0,1.0,7.0,7.0,4.0,2.0,0.0,0.0,3.0,36.0,3.0,4.0,9.0,5.0,0.0,0.0,0.0,0.0,0.0,0.0,0.0,0.0,3.0,8.0,1.0,0.0,13.0,10.0,11.0,12.0,25.2,10.0,0.0,0.0,1.0,1.0,0.0,0.0,11.0,0.0,32.4,inf,0.0,0.0,0.0,0.0,0.0,1.0,2.0,0.3902439024390244,0.886,0.0,33.0,41.0,195.0,0.0,0.0,31.0,3.0,1.0,0.0,0.0,0.0,4.0,1.0,0.0,0.0,0.0,0.5277777777777778,11.0,0.0,0.0,0.0,19.0,15.0,48.0,0.0,2.0,2.0,1.0,5.0
2025-04-18,Chicken Brain,458.l.9833.t.10,6.0,3.0,6.0,0.0,0.1666666666666666,0.6785714285714286,12.0,7.875,1.125,4.0,1.0,0.0,3.0,4.0,0.0,0.0,0.0,0.0,11.0,36.0,2.0,5.0,10.5,3.0,0.0,0.0,0.0,0.0,1.0,0.0,3.0,1.0,7.0,7.667,2.0,0.0,12.0,10.0,12.0,6.0,21.0,6.0,0.0,0.0,0.0,2.0,0.0,0.0,8.0,0.0,21.0,11.5,1.0,0.0,0.0,-1.0,0.0,0.0,0.0,0.2619047619047619,0.643,0.0,24.0,42.0,154.0,0.0,0.0,26.0,7.0,0.0,0.0,0.0,0.0,0.0,1.0,0.0,0.0,0.0,0.4166666666666667,13.0,0.0,0.0,0.0,15.0,12.0,33.0,0.0,1.0,1.0,4.0,3.0
2025-04-18,InterNeto Explorer,458.l.9833.t.4,10.0,2.0,8.0,1.0,0.275,0.8117021276595745,1.0,0.0,0.0,,0.0,0.0,8.0,0.0,1.0,0.0,0.0,0.0,8.0,40.0,1.0,6.0,0.0,0.0,0.0,0.0,0.0,0.0,0.0,0.0,2.0,2.0,0.0,7.6,0.0,0.0,12.0,11.0,11.0,11.0,0.0,0.0,0.0,0.0,0.0,0.0,0.0,0.0,1.0,0.0,9.0,inf,0.0,0.0,0.0,1.0,0.0,0.0,0.0,0.3617021276595745,0.0,0.0,3.0,47.0,15.0,0.0,0.0,19.0,0.0,1.0,0.0,0.0,1.0,0.0,0.0,1.0,0.0,0.0,0.45,10.0,0.0,0.0,0.0,18.0,0.0,3.0,0.0,0.0,0.0,0.0,3.0
2025-04-18,Jax Mannequin,458.l.9833.t.2,5.0,1.0,5.0,1.0,0.25,0.6704545454545454,22.0,4.5,1.1428571428571428,4.4,1.0,2.0,7.0,9.0,2.0,1.0,0.0,0.0,6.0,40.0,4.0,3.0,58.76,5.0,0.0,0.0,0.0,0.0,0.0,0.0,1.0,1.0,7.0,8.0,0.0,1.0,15.0,11.0,13.0,10.0,74.19,11.0,0.0,0.0,2.0,1.0,0.0,0.0,14.0,0.0,63.83,inf,2.0,0.0,0.0,1.0,0.0,2.0,-1.0,0.2954545454545454,1.515,1.0,42.0,44.0,221.0,0.0,0.0,33.0,7.0,2.0,1.0,0.0,1.0,0.0,1.0,0.0,0.0,0.0,0.375,10.0,0.0,0.0,0.0,15.0,15.0,57.0,0.0,1.0,1.0,0.0,3.0
2025-04-18,Rapist Witt,458.l.9833.t.3,3.0,1.0,1.0,1.0,0.2,0.6293478260869565,22.0,0.8571428571428571,0.9047619047619048,5.5,3.0,2.0,5.0,7.0,2.0,7.0,0.0,0.0,7.0,40.0,5.0,4.0,6.0,4.0,0.0,0.0,0.0,0.0,1.0,0.0,0.0,0.0,2.0,11.0,2.0,3.0,16.0,11.0,14.0,8.0,36.43,15.0,2.0,0.0,0.0,1.0,1.0,0.0,21.0,0.0,30.86,inf,0.0,0.0,0.0,0.0,2.0,2.0,2.0,0.3043478260869565,1.222,1.0,63.0,46.0,328.0,0.0,0.0,25.0,2.0,2.0,0.0,0.0,1.0,0.0,0.0,0.0,0.0,0.0,0.325,7.0,2.0,2.0,2.0,13.0,25.0,78.0,0.0,2.0,2.0,1.0,3.0
2025-04-18,Revisiting the Good Kikuchi,458.l.9833.t.8,8.0,2.0,9.0,3.0,0.4,1.1282608695652174,16.0,9.28125,2.15625,2.6666666666666665,0.0,1.0,11.0,14.0,2.0,1.0,1.0,0.0,14.0,40.0,4.0,5.0,35.55,6.0,0.0,0.0,0.0,0.0,0.0,0.0,0.0,0.0,11.0,9.0,1.0,1.0,15.0,11.0,13.0,16.0,80.1,17.0,1.0,0.0,1.0,2.0,0.0,0.0,10.667,3.0,58.5,inf,1.0,0.0,0.0,3.0,0.0,1.0,0.0,0.4782608695652174,1.543,1.0,32.0,46.0,234.0,0.0,0.0,30.0,11.0,2.0,0.0,0.0,3.0,0.0,0.0,0.0,0.0,0.0,0.65,9.0,0.0,0.0,0.0,26.0,24.0,54.0,0.0,1.0,1.0,2.0,5.0
2025-04-18,TP for my Jung Ho,458.l.9833.t.5,4.0,0.0,2.0,0.0,0.3023255813953488,0.7105393369619001,14.0,1.125,0.625,14.0,1.0,3.0,11.0,1.0,2.0,3.0,0.0,0.0,7.0,43.0,4.0,4.0,27.0,1.0,0.0,0.0,0.0,0.0,0.0,0.0,2.0,1.0,1.0,8.667,0.0,0.0,15.0,11.0,12.0,13.0,6.0,4.0,0.0,0.0,0.0,0.0,0.0,0.0,8.0,1.0,54.0,inf,1.0,0.0,0.0,0.0,3.0,3.0,-1.0,0.3617021276595745,0.6739999999999999,0.0,24.0,47.0,129.0,0.0,0.0,40.0,2.0,3.0,0.0,0.0,0.0,0.0,0.0,0.0,0.0,0.0,0.3488372093023256,10.0,3.0,3.0,3.0,15.0,7.0,30.0,0.0,0.0,0.0,0.0,2.0
2025-04-18,Unenthusiastic Handjobs,458.l.9833.t.7,10.0,2.0,4.0,1.0,0.3181818181818182,0.9355287569573284,7.0,1.2857142857142858,0.8571428571428571,7.0,1.0,1.0,8.0,3.0,3.0,1.0,1.0,0.0,6.0,44.0,2.0,4.0,1.5,1.0,0.0,0.0,0.0,1.0,0.0,0.0,1.0,0.0,1.0,9.0,0.0,0.0,13.0,11.0,12.0,14.0,7.5,5.0,0.0,1.0,0.0,1.0,0.0,0.0,7.0,0.0,25.5,inf,0.0,0.0,0.0,1.0,1.0,1.0,1.0,0.3673469387755102,0.318,0.0,21.0,49.0,94.0,0.0,0.0,36.0,1.0,1.0,0.0,0.0,1.0,0.0,0.0,0.0,0.0,0.0,0.5681818181818182,7.0,1.0,1.0,1.0,25.0,9.0,25.0,0.0,1.0,1.0,0.0,6.0
2025-04-18,Woo Tang Clan,458.l.9833.t.9,6.0,4.0,9.0,0.0,0.3783783783783784,1.097439544807966,22.0,4.068493150684931,1.1917808219178083,4.4,2.0,1.0,10.0,17.0,0.0,5.0,0.0,0.0,6.0,37.0,6.0,1.0,9.86,5.0,0.0,0.0,0.0,0.0,0.0,0.0,4.0,1.0,11.0,5.75,0.0,0.0,15.0,9.0,13.0,14.0,57.67,24.0,0.0,0.0,1.0,2.0,0.0,0.0,24.333,0.0,47.33,inf,3.0,0.0,0.0,0.0,0.0,1.0,-2.0,0.3947368421052631,1.709,0.0,73.0,38.0,366.0,0.0,0.0,17.0,11.0,2.0,0.0,1.0,0.0,1.0,0.0,0.0,0.0,1.0,0.7027027027027027,7.0,0.0,0.0,0.0,26.0,35.0,101.0,0.0,1.0,1.0,1.0,4.0
2025-04-19,Afternoon Wood,458.l.9833.t.6,8.0,2.0,12.0,3.0,0.375,1.0272435897435896,21.0,4.821428571428571,1.3928571428571428,3.5,1.0,2.0,11.0,11.0,5.0,4.0,0.0,2.0,20.0,48.0,5.0,4.0,10.58,6.0,0.0,0.0,0.0,0.0,0.0,0.0,3.0,0.0,10.0,8.0,1.0,0.0,16.0,11.0,14.0,18.0,40.06,20.0,0.0,0.0,2.0,3.0,0.0,0.0,18.667,0.0,54.72,inf,2.0,0.0,0.0,3.0,0.0,2.0,-2.0,0.4230769230769231,1.251,0.0,56.0,52.0,323.0,0.0,0.0,31.0,10.0,2.0,0.0,0.0,3.0,2.0,0.0,0.0,0.0,0.0,0.6041666666666666,10.0,0.0,0.0,0.0,29.0,37.0,82.0,0.0,0.0,0.0,0.0,7.0
2025-04-19,Agustin and Everything After,458.l.9833.t.1,10.0,1.0,3.0,3.0,0.2162162162162162,0.7479435957696827,24.0,4.909090909090909,1.5,2.6666666666666665,2.0,0.0,4.0,15.0,3.0,2.0,0.0,0.0,5.0,37.0,5.0,7.0,24.54,9.0,0.0,0.0,0.0,0.0,0.0,0.0,1.0,0.0,12.0,9.0,2.0,2.0,16.0,11.0,15.0,8.0,47.14,24.0,2.0,0.0,0.0,7.0,0.0,0.0,22.0,0.0,41.36,13.0,1.0,0.0,0.0,3.0,0.0,0.0,1.0,0.3695652173913043,1.669,0.0,66.0,46.0,361.0,0.0,1.0,33.0,15.0,1.0,0.0,0.0,2.0,3.0,0.0,0.0,0.0,0.0,0.3783783783783784,10.0,0.0,0.0,0.0,14.0,47.0,98.0,0.0,2.0,2.0,0.0,4.0
2025-04-19,Chicken Brain,458.l.9833.t.10,5.0,2.0,6.0,2.0,0.238095238095238,0.7289766970618035,7.0,1.8,1.4,1.75,0.0,1.0,6.0,2.0,1.0,0.0,1.0,0.0,14.0,42.0,2.0,2.0,9.0,4.0,0.0,0.0,0.0,0.0,1.0,0.0,4.0,0.0,1.0,10.0,1.0,0.0,13.0,11.0,12.0,10.0,6.75,3.0,1.0,1.0,0.0,1.0,0.0,0.0,5.0,0.0,22.5,inf,0.0,0.0,0.0,1.0,1.0,1.0,0.0,0.2765957446808511,0.381,1.0,15.0,47.0,110.0,0.0,0.0,31.0,1.0,1.0,0.0,0.0,2.0,0.0,2.0,0.0,0.0,0.0,0.4523809523809524,9.0,1.0,1.0,1.0,19.0,6.0,24.0,0.0,0.0,0.0,0.0,4.0
2025-04-19,InterNeto Explorer,458.l.9833.t.4,8.0,4.0,7.0,1.0,0.3095238095238095,1.039047619047619,7.0,5.4,1.7999999999999998,2.333333333333333,0.0,1.0,8.0,6.0,1.0,2.0,0.0,0.0,12.0,42.0,3.0,5.0,28.8,3.0,0.0,0.0,0.0,0.0,1.0,0.0,2.0,1.0,4.0,7.75,0.0,0.0,14.0,11.0,12.0,13.0,51.3,9.0,3.0,0.0,0.0,1.0,2.0,0.0,6.667,0.0,38.7,inf,0.0,0.0,0.0,0.0,1.0,1.0,0.0,0.42,1.151,0.0,20.0,50.0,131.0,0.0,0.0,30.0,4.0,2.0,0.0,0.0,1.0,2.0,0.0,0.0,0.0,0.0,0.6190476190476191,11.0,1.0,1.0,1.0,26.0,14.0,31.0,0.0,0.0,0.0,0.0,5.0
2025-04-19,Jax Mannequin,458.l.9833.t.2,3.0,2.0,7.0,0.0,0.175,0.6108695652173912,20.0,2.0149253731343286,1.0746268656716418,3.333333333333333,2.0,2.0,4.0,12.0,1.0,4.0,0.0,0.0,5.0,40.0,7.0,5.0,14.22,6.0,0.0,0.0,0.0,0.0,0.0,0.0,1.0,0.0,5.0,7.0,0.0,4.0,18.0,11.0,13.0,7.0,51.56,18.0,0.0,0.0,1.0,2.0,0.0,0.0,22.333,0.0,44.76,inf,2.0,0.0,0.0,0.0,1.0,2.0,-1.0,0.2608695652173913,1.72,0.0,67.0,46.0,348.0,0.0,0.0,26.0,5.0,4.0,1.0,1.0,0.0,1.0,1.0,0.0,0.0,0.0,0.35,9.0,1.0,1.0,1.0,14.0,28.0,87.0,0.0,1.0,1.0,0.0,3.0
2025-04-19,Rapist Witt,458.l.9833.t.3,7.0,2.0,12.0,1.0,0.2826086956521739,0.8219063545150501,10.0,6.75,1.95,3.333333333333333,0.0,1.0,9.0,7.0,2.0,3.0,0.0,0.0,9.0,46.0,3.0,6.0,12.86,3.0,0.0,0.0,0.0,0.0,1.0,0.0,2.0,0.0,5.0,9.0,0.0,1.0,14.0,11.0,12.0,13.0,40.5,10.0,0.0,1.0,0.0,0.0,1.0,0.0,6.667,0.0,26.36,inf,0.0,0.0,0.0,0.0,1.0,1.0,0.0,0.3653846153846153,0.988,0.0,20.0,52.0,135.0,0.0,0.0,32.0,6.0,2.0,0.0,0.0,1.0,3.0,0.0,0.0,0.0,0.0,0.4565217391304347,12.0,1.0,1.0,1.0,21.0,13.0,34.0,0.0,0.0,0.0,0.0,4.0
2025-04-19,Revisiting the Good Kikuchi,458.l.9833.t.8,1.0,1.0,4.0,2.0,0.1904761904761904,0.553968253968254,11.0,6.267857142857142,1.2857142857142856,1.5714285714285714,1.0,1.0,5.0,8.0,2.0,5.0,0.0,1.0,9.0,42.0,5.0,3.0,22.98,7.0,0.0,0.0,0.0,0.0,0.0,0.0,3.0,0.0,13.0,9.0,0.0,2.0,16.0,11.0,14.0,8.0,108.94,17.0,0.0,2.0,0.0,3.0,0.0,0.0,18.667,0.0,42.58,inf,0.0,0.0,0.0,2.0,1.0,1.0,2.0,0.2444444444444444,2.034,0.0,56.0,45.0,314.0,0.0,0.0,31.0,13.0,2.0,0.0,0.0,2.0,1.0,0.0,0.0,0.0,0.0,0.3095238095238095,7.0,1.0,1.0,1.0,13.0,33.0,80.0,0.0,2.0,2.0,2.0,3.0
2025-04-19,TP for my Jung Ho,458.l.9833.t.5,5.0,3.0,4.0,0.0,0.2142857142857142,0.6666666666666666,3.0,5.625,1.5,0.75,1.0,2.0,5.0,2.0,1.0,4.0,0.0,0.0,4.0,42.0,4.0,0.0,6.0,4.0,0.0,1.0,0.0,0.0,0.0,0.0,1.0,1.0,5.0,7.833,3.0,0.0,14.0,10.0,10.0,9.0,inf,8.0,0.0,0.0,0.0,2.0,0.0,0.0,8.0,0.0,4.5,0.75,1.0,0.0,0.0,0.0,1.0,1.0,-1.0,0.2142857142857142,1.808,0.0,24.0,42.0,123.0,0.0,0.0,22.0,5.0,3.0,1.0,0.0,0.0,0.0,0.0,0.0,0.0,0.0,0.4523809523809524,7.0,2.0,2.0,3.0,19.0,18.0,36.0,0.0,0.0,0.0,0.0,4.0
2025-04-19,Unenthusiastic Handjobs,458.l.9833.t.7,7.0,3.0,9.0,1.0,0.282051282051282,0.9409660107334528,16.0,5.094339622641509,1.1886792452830188,2.0,2.0,1.0,5.0,5.0,2.0,3.0,1.0,0.0,3.0,39.0,5.0,3.0,22.2,8.0,0.0,0.0,0.0,0.0,1.0,0.0,0.0,0.0,10.0,9.0,1.0,1.0,16.0,11.0,14.0,11.0,27.75,13.0,0.0,2.0,0.0,5.0,0.0,1.0,17.667,0.0,51.75,inf,2.0,0.0,0.0,0.0,1.0,1.0,-1.0,0.3255813953488372,1.262,0.0,53.0,43.0,286.0,0.0,0.0,24.0,10.0,2.0,0.0,1.0,1.0,0.0,1.0,0.0,0.0,0.0,0.6153846153846154,5.0,1.0,1.0,1.0,24.0,31.0,75.0,0.0,1.0,1.0,0.0,6.0
2025-04-19,Woo Tang Clan,458.l.9833.t.9,6.0,2.0,7.0,2.0,0.1842105263157894,0.6795321637426901,18.0,2.4,0.8666666666666667,9.0,2.0,1.0,4.0,6.0,1.0,2.0,0.0,0.0,12.0,38.0,4.0,7.0,10.29,2.0,0.0,0.0,0.0,0.0,0.0,0.0,2.0,0.0,4.0,9.0,3.0,1.0,15.0,11.0,13.0,7.0,22.93,11.0,0.0,0.0,1.0,3.0,0.0,0.0,15.0,0.0,40.07,inf,0.0,0.0,0.0,2.0,0.0,1.0,1.0,0.3111111111111111,0.948,0.0,45.0,45.0,213.0,0.0,0.0,46.0,5.0,2.0,0.0,0.0,2.0,0.0,0.0,0.0,0.0,0.0,0.3684210526315789,7.0,0.0,0.0,0.0,14.0,22.0,57.0,0.0,1.0,1.0,0.0,3.0
2025-04-20,Afternoon Wood,458.l.9833.t.6,11.0,2.0,7.0,2.0,0.2826086956521739,0.826892109500805,13.0,3.5526315789473686,1.736842105263158,4.333333333333333,0.0,2.0,9.0,15.0,2.0,4.0,0.0,0.0,7.0,46.0,4.0,6.0,5.4,3.0,0.0,0.0,0.0,0.0,0.0,0.0,0.0,2.0,5.0,7.467,1.0,0.0,16.0,12.0,14.0,13.0,48.6,19.0,1.0,0.0,2.0,0.0,0.0,0.0,12.667,0.0,45.0,inf,0.0,0.0,0.0,2.0,0.0,2.0,1.0,0.3703703703703703,1.208,0.0,38.0,54.0,240.0,0.0,0.0,25.0,5.0,2.0,0.0,0.0,2.0,1.0,1.0,0.0,0.0,0.0,0.4565217391304347,5.0,0.0,0.0,0.0,21.0,23.0,60.0,0.0,1.0,1.0,1.0,4.0
2025-04-20,Agustin and Everything After,458.l.9833.t.1,3.0,2.0,4.0,2.0,0.1666666666666666,0.6041666666666666,7.0,4.153846153846154,1.2692307692307694,2.333333333333333,0.0,0.0,4.0,6.0,1.0,1.0,0.0,0.0,10.0,42.0,3.0,6.0,15.09,3.0,0.0,1.0,0.0,0.0,0.0,0.0,2.0,0.0,4.0,10.0,1.0,0.0,14.0,11.0,12.0,7.0,34.94,8.0,0.0,0.0,0.0,1.0,1.0,1.0,8.667,0.0,21.44,7.0,0.0,0.0,0.0,2.0,-1.0,-1.0,1.0,0.2708333333333333,0.975,0.0,26.0,48.0,143.0,0.0,0.0,42.0,4.0,2.0,0.0,1.0,2.0,0.0,0.0,0.0,0.0,0.0,0.3333333333333333,10.0,0.0,0.0,1.0,14.0,12.0,37.0,0.0,1.0,1.0,0.0,3.0
2025-04-20,Chicken Brain,458.l.9833.t.10,5.0,2.0,4.0,1.0,0.1707317073170731,0.6023329798515377,16.0,1.0,0.9444444444444444,2.2857142857142856,2.0,0.0,4.0,8.0,1.0,2.0,0.0,0.0,12.0,41.0,4.0,5.0,18.11,7.0,0.0,0.0,0.0,0.0,0.0,0.0,1.0,0.0,2.0,9.0,1.0,0.0,16.0,12.0,13.0,7.0,24.32,10.0,0.0,0.0,0.0,0.0,0.0,0.0,18.0,0.0,27.64,10.33,1.0,0.0,0.0,1.0,0.0,0.0,-1.0,0.2608695652173913,1.092,0.0,54.0,46.0,245.0,0.0,0.0,28.0,2.0,1.0,1.0,0.0,1.0,1.0,0.0,0.0,0.0,0.0,0.3414634146341463,7.0,0.0,0.0,0.0,14.0,12.0,71.0,0.0,0.0,0.0,1.0,3.0
2025-04-20,InterNeto Explorer,458.l.9833.t.4,9.0,2.0,9.0,3.0,0.3076923076923077,0.9698340874811464,13.0,0.7297297297297297,1.3783783783783785,3.25,1.0,0.0,7.0,10.0,3.0,3.0,0.0,0.0,11.0,39.0,2.0,9.0,6.75,4.0,0.0,0.0,0.0,0.0,0.0,0.0,4.0,1.0,1.0,8.8,0.0,0.0,13.0,11.0,13.0,12.0,18.73,13.0,1.0,0.0,0.0,0.0,0.0,0.0,12.333,0.0,19.130000000000003,inf,0.0,0.0,0.0,3.0,0.0,0.0,0.0,0.4313725490196078,0.636,0.0,37.0,51.0,190.0,0.0,0.0,20.0,3.0,0.0,0.0,0.0,1.0,1.0,2.0,0.0,0.0,0.0,0.5384615384615384,6.0,0.0,0.0,0.0,21.0,16.0,54.0,0.0,0.0,0.0,1.0,5.0
2025-04-20,Jax Mannequin,458.l.9833.t.2,5.0,1.0,3.0,1.0,0.1860465116279069,0.5880398671096345,8.0,3.681818181818182,0.8863636363636364,2.6666666666666665,1.0,0.0,5.0,6.0,2.0,1.0,0.0,0.0,14.0,43.0,4.0,6.0,4.15,3.0,0.0,0.0,0.0,0.0,0.0,0.0,3.0,0.0,6.0,7.0,1.0,1.0,16.0,12.0,13.0,8.0,16.75,10.0,0.0,2.0,0.0,3.0,0.0,0.0,14.667,0.0,20.35,inf,1.0,0.0,0.0,1.0,0.0,0.0,0.0,0.2857142857142857,0.585,0.0,44.0,49.0,209.0,0.0,1.0,18.0,6.0,2.0,0.0,0.0,1.0,1.0,0.0,0.0,0.0,0.0,0.3023255813953488,11.0,0.0,0.0,0.0,13.0,20.0,58.0,0.0,1.0,1.0,0.0,3.0
2025-04-20,Rapist Witt,458.l.9833.t.3,5.0,2.0,8.0,0.0,0.2093023255813953,0.652093023255814,1.0,0.0,0.5,,0.0,1.0,6.0,1.0,1.0,0.0,0.0,0.0,5.0,43.0,2.0,5.0,0.0,0.0,0.0,0.0,0.0,0.0,1.0,0.0,0.0,0.0,0.0,8.0,0.0,0.0,13.0,11.0,11.0,9.0,9.0,1.0,0.0,0.0,0.0,0.0,0.0,0.0,2.0,0.0,9.0,inf,0.0,0.0,0.0,-1.0,1.0,1.0,0.0,0.28,0.333,0.0,6.0,50.0,25.0,0.0,0.0,18.0,0.0,2.0,0.0,0.0,0.0,0.0,2.0,0.0,0.0,0.0,0.3720930232558139,14.0,1.0,1.0,1.0,16.0,1.0,6.0,0.0,0.0,0.0,0.0,3.0
2025-04-20,Revisiting the Good Kikuchi,458.l.9833.t.8,5.0,0.0,8.0,2.0,0.3181818181818182,0.75139146567718,7.0,4.764705882352941,1.852941176470588,0.875,1.0,2.0,12.0,9.0,2.0,2.0,0.0,1.0,8.0,44.0,5.0,5.0,28.93,8.0,1.0,0.0,0.0,0.0,0.0,0.0,0.0,2.0,6.0,8.524000000000001,0.0,2.0,16.0,11.0,13.0,14.0,38.79,13.0,0.0,0.0,1.0,1.0,0.0,0.0,11.333,0.0,32.57,inf,1.0,0.0,0.0,2.0,1.0,2.0,-1.0,0.3877551020408163,1.5,0.0,34.0,49.0,188.0,0.0,0.0,18.0,8.0,3.0,0.0,0.0,2.0,7.0,0.0,0.0,0.0,0.0,0.3636363636363636,11.0,1.0,1.0,1.0,16.0,20.0,51.0,0.0,0.0,0.0,1.0,2.0
2025-04-20,TP for my Jung Ho,458.l.9833.t.5,5.0,1.0,6.0,2.0,0.3414634146341463,0.9143631436314364,7.0,10.125,2.0625,3.5,0.0,0.0,8.0,6.0,5.0,3.0,0.0,0.0,5.0,41.0,2.0,3.0,28.8,2.0,0.0,1.0,0.0,0.0,1.0,0.0,3.0,0.0,6.0,7.0,0.0,0.0,12.0,10.0,11.0,14.0,91.8,9.0,0.0,1.0,0.0,0.0,0.0,0.0,5.333,0.0,37.8,7.0,1.0,0.0,0.0,1.0,-1.0,-1.0,-1.0,0.3777777777777777,1.151,0.0,16.0,45.0,113.0,0.0,0.0,29.0,6.0,1.0,1.0,0.0,2.0,0.0,1.0,0.0,0.0,0.0,0.5365853658536586,7.0,0.0,0.0,1.0,22.0,12.0,28.0,0.0,0.0,0.0,0.0,6.0
2025-04-20,Unenthusiastic Handjobs,458.l.9833.t.7,6.0,2.0,5.0,1.0,0.2142857142857142,0.7111801242236024,2.0,0.0,0.0,,0.0,1.0,5.0,0.0,1.0,0.0,1.0,0.0,10.0,42.0,1.0,3.0,0.0,0.0,0.0,0.0,0.0,0.0,0.0,0.0,2.0,0.0,0.0,10.0,0.0,0.0,12.0,11.0,11.0,9.0,0.0,0.0,1.0,0.0,0.0,0.0,0.0,0.0,1.0,0.0,18.0,inf,0.0,0.0,0.0,1.0,1.0,1.0,0.0,0.2826086956521739,0.0,0.0,3.0,46.0,17.0,0.0,0.0,27.0,0.0,1.0,0.0,0.0,1.0,0.0,0.0,0.0,0.0,0.0,0.4285714285714285,11.0,1.0,1.0,1.0,18.0,0.0,3.0,0.0,0.0,0.0,0.0,4.0
2025-04-20,Woo Tang Clan,458.l.9833.t.9,4.0,1.0,4.0,3.0,0.2222222222222222,0.5611111111111111,17.0,3.056603773584905,1.2452830188679245,2.4285714285714284,1.0,0.0,8.0,12.0,1.0,1.0,0.0,0.0,11.0,45.0,4.0,1.0,11.45,7.0,0.0,0.0,0.0,0.0,0.0,0.0,4.0,0.0,6.0,8.0,1.0,0.0,16.0,12.0,15.0,10.0,24.35,15.0,1.0,1.0,0.0,2.0,0.0,0.0,17.667,0.0,34.52,inf,0.0,0.0,0.0,3.0,0.0,0.0,1.0,0.25,0.933,0.0,53.0,48.0,319.0,0.0,0.0,35.0,6.0,1.0,0.0,0.0,2.0,1.0,0.0,1.0,0.0,0.0,0.3111111111111111,7.0,0.0,0.0,0.0,14.0,22.0,77.0,0.0,1.0,1.0,2.0,2.0
